Date,Model,Type,Quantity
2007-01,Volkswagen ,Volkswagen Passat,1267
2007-01,Toyota ,Toyota Rav4,819
2007-01,Toyota ,Toyota Avensis,787
2007-01,Volkswagen ,Volkswagen Golf,720
2007-01,Toyota ,Toyota Corolla,691
2007-01,Peugeot ,Peugeot 307,481
2007-01,Skoda ,Skoda Octavia,481
2007-01,Toyota ,Toyota Yaris,402
2007-01,Ford ,Ford Focus,400
2007-01,Volvo ,Volvo V50,346
2007-01,Peugeot ,Peugeot 207,320
2007-01,Audi ,Audi A4,269
2007-01,Volkswagen ,Volkswagen Touran,235
2007-01,Ford ,Ford S-Max,231
2007-01,Opel ,Opel Astra,218
2007-01,Volkswagen ,Volkswagen Polo,218
2007-01,Audi ,Audi A3,202
2007-01,BMW ,BMW 3-serie,183
2007-01,Opel ,Opel Vectra,178
2007-01,Honda ,Honda CR-V,172
2007-02,Volkswagen ,Volkswagen Passat,602
2007-02,Toyota ,Toyota Avensis,540
2007-02,Toyota ,Toyota Corolla,505
2007-02,Volkswagen ,Volkswagen Golf,442
2007-02,Toyota ,Toyota Yaris,353
2007-02,Toyota ,Toyota Rav4,346
2007-02,Skoda ,Skoda Octavia,334
2007-02,Peugeot ,Peugeot 307,308
2007-02,Ford ,Ford Focus,296
2007-02,Volvo ,Volvo V70,228
2007-02,Honda ,Honda CR-V,225
2007-02,Opel ,Opel Astra,221
2007-02,Audi ,Audi A4,191
2007-02,Volkswagen ,Volkswagen Touran,189
2007-02,Peugeot ,Peugeot 207,185
2007-02,Volvo ,Volvo V50,179
2007-02,Audi ,Audi A3,165
2007-02,Volkswagen ,Volkswagen Polo,162
2007-02,Ford ,Ford S-Max,151
2007-02,BMW ,BMW 3-serie,149
2007-03,Volkswagen ,Volkswagen Passat,521
2007-03,Toyota ,Toyota Avensis,521
2007-03,Volkswagen ,Volkswagen Golf,402
2007-03,Peugeot ,Peugeot 307,371
2007-03,Toyota ,Toyota Corolla,313
2007-03,Toyota ,Toyota Rav4,312
2007-03,Ford ,Ford Focus,311
2007-03,Skoda ,Skoda Octavia,295
2007-03,Toyota ,Toyota Yaris,267
2007-03,Honda ,Honda CR-V,266
2007-03,Audi ,Audi A4,239
2007-03,Volvo ,Volvo V70,236
2007-03,Peugeot ,Peugeot 207,229
2007-03,Ford ,Ford S-Max,219
2007-03,Saab ,Saab 9-3,214
2007-03,Opel ,Opel Astra,211
2007-03,Volvo ,Volvo V50,197
2007-03,Volkswagen ,Volkswagen Polo,197
2007-03,Volkswagen ,Volkswagen Touran,194
2007-03,Audi ,Audi A3,184
2007-04,Volkswagen ,Volkswagen Passat,375
2007-04,Volkswagen ,Volkswagen Golf,342
2007-04,Peugeot ,Peugeot 307,270
2007-04,Skoda ,Skoda Octavia,253
2007-04,Volvo ,Volvo V70,248
2007-04,Toyota ,Toyota Avensis,245
2007-04,Toyota ,Toyota Corolla,236
2007-04,Toyota ,Toyota Rav4,229
2007-04,Volkswagen ,Volkswagen Touran,229
2007-04,Honda ,Honda CR-V,215
2007-04,Toyota ,Toyota Yaris,198
2007-04,Audi ,Audi A3,196
2007-04,Audi ,Audi A4,194
2007-04,Volkswagen ,Volkswagen Polo,167
2007-04,Saab ,Saab 9-3,167
2007-04,Opel ,Opel Astra,152
2007-04,Ford ,Ford Focus,147
2007-04,Peugeot ,Peugeot 207,139
2007-04,Ford ,Ford S-Max,117
2007-04,Volvo ,Volvo V50,111
2007-05,Volkswagen ,Volkswagen Golf,669
2007-05,Volkswagen ,Volkswagen Passat,607
2007-05,Toyota ,Toyota Auris,443
2007-05,Volvo ,Volvo V70,403
2007-05,Toyota ,Toyota Avensis,383
2007-05,Toyota ,Toyota Rav4,368
2007-05,Honda ,Honda CR-V,349
2007-05,Peugeot ,Peugeot 307,335
2007-05,Skoda ,Skoda Octavia,279
2007-05,Ford ,Ford Focus,274
2007-05,Toyota ,Toyota Yaris,270
2007-05,Volkswagen ,Volkswagen Touran,262
2007-05,Volkswagen ,Volkswagen Polo,258
2007-05,Toyota ,Toyota Corolla,250
2007-05,Saab ,Saab 9-3,224
2007-05,Audi ,Audi A4,221
2007-05,Peugeot ,Peugeot 207,221
2007-05,Audi ,Audi A3,216
2007-05,Opel ,Opel Astra,187
2007-05,Volvo ,Volvo V50,111
2007-06,Volkswagen ,Volkswagen Golf,510
2007-06,Volkswagen ,Volkswagen Passat,509
2007-06,Toyota ,Toyota Avensis,487
2007-06,Honda ,Honda CR-V,468
2007-06,Toyota ,Toyota Auris,363
2007-06,Volvo ,Volvo V70,360
2007-06,Toyota ,Toyota Rav4,315
2007-06,Skoda ,Skoda Octavia,295
2007-06,Ford ,Ford Focus,289
2007-06,Peugeot ,Peugeot 307,266
2007-06,Volkswagen ,Volkswagen Polo,227
2007-06,Opel ,Opel Astra,214
2007-06,Toyota ,Toyota Yaris,202
2007-06,Volkswagen ,Volkswagen Touran,191
2007-06,Audi ,Audi A4,188
2007-06,Saab ,Saab 9-3,161
2007-06,Audi ,Audi A3,157
2007-06,Peugeot ,Peugeot 207,155
2007-06,Toyota ,Toyota Corolla,118
2007-06,Volvo ,Volvo V50,79
2007-07,Volkswagen ,Volkswagen Passat,811
2007-07,Toyota ,Toyota Avensis,587
2007-07,Volvo ,Volvo V70,507
2007-07,Ford ,Ford Mondeo,472
2007-07,Volkswagen ,Volkswagen Golf,447
2007-07,Toyota ,Toyota Auris,420
2007-07,Toyota ,Toyota Rav4,396
2007-07,Peugeot ,Peugeot 307,331
2007-07,Volvo ,Volvo V50,312
2007-07,Ford ,Ford Focus,301
2007-07,Skoda ,Skoda Octavia,290
2007-07,Audi ,Audi A4,247
2007-07,Peugeot ,Peugeot 207,239
2007-07,Honda ,Honda CR-V,233
2007-07,Toyota ,Toyota Yaris,229
2007-07,Volkswagen ,Volkswagen Touran,218
2007-07,Volkswagen ,Volkswagen Polo,214
2007-07,Opel ,Opel Astra,205
2007-07,Audi ,Audi A3,177
2007-07,Toyota ,Toyota Corolla,149
2007-08,Volkswagen ,Volkswagen Passat,644
2007-08,Mitsubishi ,Mitsubishi Outlander,524
2007-08,Volkswagen ,Volkswagen Golf,476
2007-08,Toyota ,Toyota Avensis,463
2007-08,Ford ,Ford Mondeo,431
2007-08,Toyota ,Toyota Auris,422
2007-08,Toyota ,Toyota Rav4,346
2007-08,Volvo ,Volvo V70,278
2007-08,Skoda ,Skoda Octavia,258
2007-08,Audi ,Audi A4,223
2007-08,Toyota ,Toyota Yaris,210
2007-08,Volkswagen ,Volkswagen Polo,210
2007-08,Peugeot ,Peugeot 307,209
2007-08,Volkswagen ,Volkswagen Touran,209
2007-08,Ford ,Ford Focus,200
2007-08,Toyota ,Toyota Corolla,175
2007-08,Peugeot ,Peugeot 207,163
2007-08,Audi ,Audi A3,156
2007-08,Honda ,Honda CR-V,146
2007-08,Opel ,Opel Astra,146
2007-09,Volkswagen ,Volkswagen Golf,473
2007-09,Volkswagen ,Volkswagen Passat,459
2007-09,Mitsubishi ,Mitsubishi Outlander,410
2007-09,Volvo ,Volvo V70,384
2007-09,Toyota ,Toyota Avensis,303
2007-09,Toyota ,Toyota Auris,287
2007-09,Ford ,Ford Mondeo,281
2007-09,Ford ,Ford Focus,277
2007-09,Toyota ,Toyota Rav4,245
2007-09,Toyota ,Toyota Yaris,234
2007-09,Skoda ,Skoda Octavia,192
2007-09,Honda ,Honda CR-V,190
2007-09,Volkswagen ,Volkswagen Touran,177
2007-09,Peugeot ,Peugeot 307,166
2007-09,Audi ,Audi A4,157
2007-09,Opel ,Opel Astra,150
2007-09,Volkswagen ,Volkswagen Polo,149
2007-09,Peugeot ,Peugeot 207,125
2007-09,Audi ,Audi A3,123
2007-09,Toyota ,Toyota Corolla,95
2007-10,Volkswagen ,Volkswagen Golf,675
2007-10,Volvo ,Volvo V70,615
2007-10,Toyota ,Toyota Avensis,535
2007-10,Volkswagen ,Volkswagen Passat,491
2007-10,Toyota ,Toyota Auris,369
2007-10,Volkswagen ,Volkswagen Touran,356
2007-10,Ford ,Ford Mondeo,331
2007-10,Volkswagen ,Volkswagen Polo,276
2007-10,Toyota ,Toyota Rav4,264
2007-10,Honda ,Honda CR-V,262
2007-10,Peugeot ,Peugeot 307,258
2007-10,Skoda ,Skoda Octavia,256
2007-10,Toyota ,Toyota Yaris,247
2007-10,Mitsubishi ,Mitsubishi Outlander,236
2007-10,Peugeot ,Peugeot 207,233
2007-10,Ford ,Ford Focus,227
2007-10,Audi ,Audi A3,191
2007-10,Audi ,Audi A4,183
2007-10,Opel ,Opel Astra,164
2007-10,Toyota ,Toyota Corolla,85
2007-11,Volkswagen ,Volkswagen Golf,530
2007-11,Volkswagen ,Volkswagen Passat,527
2007-11,Toyota ,Toyota Avensis,502
2007-11,Volvo ,Volvo V70,409
2007-11,Toyota ,Toyota Auris,359
2007-11,Nissan ,Nissan Qashqai,333
2007-11,Honda ,Honda CR-V,314
2007-11,Skoda ,Skoda Octavia,258
2007-11,Toyota ,Toyota Rav4,253
2007-11,Ford ,Ford Mondeo,248
2007-11,Toyota ,Toyota Yaris,212
2007-11,Volkswagen ,Volkswagen Touran,207
2007-11,Peugeot ,Peugeot 207,187
2007-11,Ford ,Ford Focus,159
2007-11,Opel ,Opel Astra,154
2007-11,Peugeot ,Peugeot 307,140
2007-11,Toyota ,Toyota Corolla,121
2007-11,Mitsubishi ,Mitsubishi Outlander,118
2007-11,Audi ,Audi A4,118
2007-11,Volkswagen ,Volkswagen Polo,104
2007-12,Ford ,Ford Mondeo,457
2007-12,Volkswagen ,Volkswagen Golf,390
2007-12,Volvo ,Volvo V70,384
2007-12,Volkswagen ,Volkswagen Passat,381
2007-12,Honda ,Honda CR-V,335
2007-12,Skoda ,Skoda Octavia,308
2007-12,Toyota ,Toyota Avensis,268
2007-12,Toyota ,Toyota Auris,268
2007-12,Saab ,Saab 9-3,259
2007-12,Mitsubishi ,Mitsubishi Outlander,226
2007-12,Toyota ,Toyota Rav4,225
2007-12,Ford ,Ford Focus,157
2007-12,Audi ,Audi A4,139
2007-12,Volkswagen ,Volkswagen Touran,135
2007-12,Opel ,Opel Astra,130
2007-12,Toyota ,Toyota Yaris,115
2007-12,Volkswagen ,Volkswagen Polo,108
2007-12,Toyota ,Toyota Corolla,90
2007-12,Peugeot ,Peugeot 207,65
2007-12,Peugeot ,Peugeot 307,47
2008-01,Ford ,Ford Mondeo,588
2008-01,Volkswagen ,Volkswagen Golf,425
2008-01,Honda ,Honda CR-V,397
2008-01,Volkswagen ,Volkswagen Passat,365
2008-01,Toyota ,Toyota Rav4,331
2008-01,Toyota ,Toyota Avensis,322
2008-01,Toyota ,Toyota Auris,321
2008-01,Volvo ,Volvo V70,315
2008-01,Nissan ,Nissan Qashqai,280
2008-01,Mitsubishi ,Mitsubishi Outlander,232
2008-01,Toyota ,Toyota Corolla,229
2008-01,Toyota ,Toyota Prius,217
2008-01,Skoda ,Skoda Octavia,216
2008-01,Peugeot ,Peugeot 207,202
2008-01,Toyota ,Toyota Yaris,198
2008-01,Ford ,Ford Focus,173
2008-01,BMW ,BMW 3-serie,158
2008-01,Audi ,Audi A4,157
2008-01,Nissan ,Nissan X-Trail,144
2008-01,Peugeot ,Peugeot 308,135
2008-02,Ford ,Ford Mondeo,624
2008-02,Volkswagen ,Volkswagen Passat,551
2008-02,Volkswagen ,Volkswagen Golf,488
2008-02,Volvo ,Volvo V70,392
2008-02,Toyota ,Toyota Auris,342
2008-02,Volkswagen ,Volkswagen Tiguan,340
2008-02,Toyota ,Toyota Avensis,315
2008-02,Nissan ,Nissan Qashqai,272
2008-02,Nissan ,Nissan X-Trail,271
2008-02,Mitsubishi ,Mitsubishi Outlander,257
2008-02,Toyota ,Toyota Rav4,250
2008-02,Ford ,Ford Focus,235
2008-02,Skoda ,Skoda Octavia,225
2008-02,Toyota ,Toyota Yaris,222
2008-02,Honda ,Honda CR-V,219
2008-02,Audi ,Audi A4,200
2008-02,BMW ,BMW 3-serie,184
2008-02,Toyota ,Toyota Prius,165
2008-02,Peugeot ,Peugeot 207,144
2008-02,Toyota ,Toyota Corolla,142
2008-03,Volkswagen ,Volkswagen Golf,453
2008-03,Mitsubishi ,Mitsubishi Outlander,430
2008-03,Volkswagen ,Volkswagen Passat,396
2008-03,Ford ,Ford Mondeo,351
2008-03,Toyota ,Toyota Auris,292
2008-03,Toyota ,Toyota Avensis,286
2008-03,Volvo ,Volvo V70,281
2008-03,Volkswagen ,Volkswagen Tiguan,267
2008-03,Nissan ,Nissan Qashqai,252
2008-03,Ford ,Ford Focus,246
2008-03,Toyota ,Toyota Yaris,239
2008-03,Audi ,Audi A4,235
2008-03,Skoda ,Skoda Octavia,208
2008-03,Skoda ,Skoda Fabia,207
2008-03,Toyota ,Toyota Rav4,200
2008-03,Honda ,Honda CR-V,151
2008-03,Nissan ,Nissan X-Trail,150
2008-03,Toyota ,Toyota Corolla,140
2008-03,Peugeot ,Peugeot 207,130
2008-03,Toyota ,Toyota Prius,95
2008-04,Volkswagen ,Volkswagen Golf,598
2008-04,Volkswagen ,Volkswagen Passat,478
2008-04,Mitsubishi ,Mitsubishi Outlander,474
2008-04,Volvo ,Volvo V70,405
2008-04,Toyota ,Toyota Auris,371
2008-04,Ford ,Ford Mondeo,354
2008-04,Toyota ,Toyota Avensis,347
2008-04,Ford ,Ford Focus,342
2008-04,Audi ,Audi A4,282
2008-04,Skoda ,Skoda Octavia,268
2008-04,Toyota ,Toyota Yaris,254
2008-04,Honda ,Honda CR-V,248
2008-04,Nissan ,Nissan Qashqai,223
2008-04,Audi ,Audi A3,222
2008-04,Volkswagen ,Volkswagen Tiguan,221
2008-04,Peugeot ,Peugeot 308,213
2008-04,BMW ,BMW 3-serie,208
2008-04,Toyota ,Toyota Rav4,190
2008-04,Toyota ,Toyota Corolla,184
2008-04,Nissan ,Nissan X-Trail,162
2008-05,Volvo ,Volvo V70,447
2008-05,Volkswagen ,Volkswagen Golf,416
2008-05,Ford ,Ford Focus,416
2008-05,Volkswagen ,Volkswagen Passat,372
2008-05,Toyota ,Toyota Auris,324
2008-05,Nissan ,Nissan Qashqai,310
2008-05,Toyota ,Toyota Avensis,304
2008-05,Ford ,Ford Mondeo,303
2008-05,Audi ,Audi A4,289
2008-05,Skoda ,Skoda Octavia,268
2008-05,Volkswagen ,Volkswagen Tiguan,218
2008-05,Peugeot ,Peugeot 207,207
2008-05,Mitsubishi ,Mitsubishi Outlander,205
2008-05,Honda ,Honda CR-V,191
2008-05,Toyota ,Toyota Yaris,191
2008-05,Audi ,Audi A3,178
2008-05,BMW ,BMW 3-serie,174
2008-05,Toyota ,Toyota Rav4,172
2008-05,Peugeot ,Peugeot 308,172
2008-05,Nissan ,Nissan X-Trail,118
2008-06,Ford ,Ford Mondeo,455
2008-06,Volkswagen ,Volkswagen Golf,358
2008-06,Audi ,Audi A4,331
2008-06,Nissan ,Nissan Qashqai,322
2008-06,Toyota ,Toyota Auris,316
2008-06,Volvo ,Volvo V70,311
2008-06,Volkswagen ,Volkswagen Passat,300
2008-06,Toyota ,Toyota Avensis,278
2008-06,Ford ,Ford Focus,237
2008-06,Audi ,Audi A3,224
2008-06,Skoda ,Skoda Octavia,220
2008-06,BMW ,BMW 3-serie,207
2008-06,Mazda ,Mazda 6,189
2008-06,Volkswagen ,Volkswagen Tiguan,182
2008-06,Mitsubishi ,Mitsubishi Outlander,180
2008-06,Toyota ,Toyota Yaris,144
2008-06,Peugeot ,Peugeot 207,138
2008-06,Honda ,Honda CR-V,136
2008-06,Nissan ,Nissan X-Trail,125
2008-06,Toyota ,Toyota Rav4,123
2008-07,Ford ,Ford Mondeo,548
2008-07,Volkswagen ,Volkswagen Golf,437
2008-07,Audi ,Audi A4,384
2008-07,Toyota ,Toyota Avensis,346
2008-07,Toyota ,Toyota Auris,303
2008-07,Nissan ,Nissan Qashqai,268
2008-07,Volvo ,Volvo V70,267
2008-07,Mazda ,Mazda 6,228
2008-07,Peugeot ,Peugeot 308,220
2008-07,Ford ,Ford Focus,210
2008-07,Volkswagen ,Volkswagen Passat,205
2008-07,Volkswagen ,Volkswagen Tiguan,199
2008-07,Mitsubishi ,Mitsubishi Outlander,194
2008-07,Peugeot ,Peugeot 207,185
2008-07,Toyota ,Toyota Rav4,181
2008-07,Skoda ,Skoda Octavia,167
2008-07,Toyota ,Toyota Yaris,164
2008-07,Honda ,Honda CR-V,145
2008-07,BMW ,BMW 3-serie,140
2008-07,Audi ,Audi A3,120
2008-08,Volkswagen ,Volkswagen Golf,418
2008-08,Audi ,Audi A4,363
2008-08,Volkswagen ,Volkswagen Tiguan,354
2008-08,Ford ,Ford Mondeo,253
2008-08,Toyota ,Toyota Auris,251
2008-08,Volkswagen ,Volkswagen Passat,245
2008-08,Toyota ,Toyota Avensis,221
2008-08,Ford ,Ford Focus,213
2008-08,Mazda ,Mazda 6,195
2008-08,Nissan ,Nissan Qashqai,193
2008-08,Peugeot ,Peugeot 308,186
2008-08,Peugeot ,Peugeot 207,164
2008-08,Toyota ,Toyota Yaris,141
2008-08,Skoda ,Skoda Octavia,139
2008-08,Mitsubishi ,Mitsubishi Outlander,135
2008-08,Audi ,Audi A3,128
2008-08,Honda ,Honda CR-V,121
2008-08,Volvo ,Volvo V70,120
2008-08,Toyota ,Toyota Rav4,98
2008-08,BMW ,BMW 3-serie,86
2008-09,Volkswagen ,Volkswagen Golf,401
2008-09,Ford ,Ford Mondeo,327
2008-09,Volkswagen ,Volkswagen Passat,326
2008-09,Audi ,Audi A4,299
2008-09,Toyota ,Toyota Auris,293
2008-09,Toyota ,Toyota Avensis,255
2008-09,Ford ,Ford Focus,251
2008-09,Volvo ,Volvo V70,233
2008-09,Volkswagen ,Volkswagen Tiguan,225
2008-09,BMW ,BMW 3-serie,219
2008-09,Toyota ,Toyota Rav4,216
2008-09,Nissan ,Nissan Qashqai,209
2008-09,Mazda ,Mazda 6,202
2008-09,Mitsubishi ,Mitsubishi Outlander,182
2008-09,Toyota ,Toyota Yaris,176
2008-09,Skoda ,Skoda Octavia,152
2008-09,Peugeot ,Peugeot 308,143
2008-09,Audi ,Audi A3,136
2008-09,Honda ,Honda CR-V,122
2008-09,Peugeot ,Peugeot 207,100
2008-10,Volkswagen ,Volkswagen Golf,459
2008-10,Audi ,Audi A4,337
2008-10,Volkswagen ,Volkswagen Passat,334
2008-10,Toyota ,Toyota Auris,332
2008-10,Ford ,Ford Mondeo,322
2008-10,Volkswagen ,Volkswagen Tiguan,264
2008-10,Nissan ,Nissan Qashqai,246
2008-10,Toyota ,Toyota Avensis,229
2008-10,Toyota ,Toyota Rav4,224
2008-10,Peugeot ,Peugeot 308,215
2008-10,BMW ,BMW 3-serie,196
2008-10,Toyota ,Toyota Yaris,194
2008-10,Ford ,Ford Focus,192
2008-10,Volvo ,Volvo V70,185
2008-10,Mazda ,Mazda 6,153
2008-10,Mitsubishi ,Mitsubishi Outlander,125
2008-10,Audi ,Audi A3,120
2008-10,Skoda ,Skoda Octavia,117
2008-10,Peugeot ,Peugeot 207,113
2008-10,Honda ,Honda CR-V,91
2008-11,Volkswagen ,Volkswagen Passat,342
2008-11,Volkswagen ,Volkswagen Golf,307
2008-11,Volkswagen ,Volkswagen Tiguan,293
2008-11,Ford ,Ford Mondeo,271
2008-11,Audi ,Audi A4,248
2008-11,Toyota ,Toyota Auris,209
2008-11,Nissan ,Nissan Qashqai,204
2008-11,Ford ,Ford Focus,174
2008-11,Toyota ,Toyota Avensis,166
2008-11,Toyota ,Toyota Yaris,158
2008-11,Peugeot ,Peugeot 308,145
2008-11,Volvo ,Volvo V70,139
2008-11,BMW ,BMW 3-serie,124
2008-11,Skoda ,Skoda Octavia,117
2008-11,Peugeot ,Peugeot 207,115
2008-11,Mitsubishi ,Mitsubishi Outlander,110
2008-11,Mazda ,Mazda 6,109
2008-11,Honda ,Honda CR-V,102
2008-11,Audi ,Audi A3,93
2008-11,Toyota ,Toyota Rav4,77
2008-12,Toyota ,Toyota Avensis,450
2008-12,Ford ,Ford Mondeo,349
2008-12,Volkswagen ,Volkswagen Passat,348
2008-12,Volkswagen ,Volkswagen Golf,319
2008-12,Volkswagen ,Volkswagen Tiguan,312
2008-12,Audi ,Audi A4,311
2008-12,Volvo ,Volvo V70,201
2008-12,Nissan ,Nissan Qashqai,200
2008-12,Honda ,Honda CR-V,198
2008-12,BMW ,BMW 3-serie,189
2008-12,Ford ,Ford Focus,188
2008-12,Skoda ,Skoda Octavia,181
2008-12,Toyota ,Toyota Auris,158
2008-12,Mitsubishi ,Mitsubishi Outlander,149
2008-12,Volvo ,Volvo V50,142
2008-12,Toyota ,Toyota Rav4,104
2008-12,Mazda ,Mazda 6,87
2008-12,Audi ,Audi A3,77
2008-12,Peugeot ,Peugeot 308,73
2008-12,Toyota ,Toyota Yaris,53
2009-01,Toyota ,Toyota Avensis,400
2009-01,Volkswagen ,Volkswagen Golf,318
2009-01,Ford ,Ford Focus,177
2009-01,Volkswagen ,Volkswagen Passat,161
2009-01,Ford ,Ford Mondeo,154
2009-01,Volvo ,Volvo XC60,136
2009-01,Toyota ,Toyota Prius,135
2009-01,Nissan ,Nissan Qashqai,130
2009-01,Peugeot ,Peugeot 308,126
2009-01,Volvo ,Volvo V50,126
2009-01,Toyota ,Toyota Auris,125
2009-01,Opel ,Opel Insignia,117
2009-01,Mazda ,Mazda 6,97
2009-01,Skoda ,Skoda Octavia,92
2009-01,Ford ,Ford Fiesta,91
2009-01,Audi ,Audi A4,89
2009-01,Toyota ,Toyota Yaris,88
2009-01,Peugeot ,Peugeot 207,83
2009-01,Subaru ,Subaru Impreza,83
2009-01,Volkswagen ,Volkswagen Tiguan,80
2009-02,Volkswagen ,Volkswagen Golf,339
2009-02,Volkswagen ,Volkswagen Passat,245
2009-02,Toyota ,Toyota Avensis,222
2009-02,Skoda ,Skoda Octavia,197
2009-02,Toyota ,Toyota Yaris,177
2009-02,Ford ,Ford Mondeo,173
2009-02,Toyota ,Toyota Auris,169
2009-02,Volkswagen ,Volkswagen Tiguan,143
2009-02,Ford ,Ford Focus,142
2009-02,Nissan ,Nissan Qashqai,142
2009-02,Audi ,Audi A4,138
2009-02,BMW ,BMW 3-serie,135
2009-02,Honda ,Honda CR-V,131
2009-02,Mazda ,Mazda 6,127
2009-02,Volvo ,Volvo XC60,103
2009-02,Peugeot ,Peugeot 207,103
2009-02,Peugeot ,Peugeot 308,101
2009-02,Volvo ,Volvo V50,96
2009-02,Opel ,Opel Insignia,86
2009-02,Toyota ,Toyota Prius,73
2009-03,Volkswagen ,Volkswagen Golf,344
2009-03,Ford ,Ford Mondeo,301
2009-03,Toyota ,Toyota Avensis,281
2009-03,Mazda ,Mazda 6,248
2009-03,Skoda ,Skoda Octavia,236
2009-03,Toyota ,Toyota Auris,225
2009-03,Honda ,Honda CR-V,214
2009-03,Nissan ,Nissan Qashqai,182
2009-03,Volkswagen ,Volkswagen Passat,175
2009-03,Volkswagen ,Volkswagen Tiguan,172
2009-03,Peugeot ,Peugeot 308,170
2009-03,Audi ,Audi A4,160
2009-03,Opel ,Opel Insignia,156
2009-03,Mitsubishi ,Mitsubishi Outlander,150
2009-03,Hyundai ,Hyundai i20,141
2009-03,BMW ,BMW 3-serie,132
2009-03,Toyota ,Toyota Rav4,130
2009-03,Toyota ,Toyota Yaris,123
2009-03,Ford ,Ford Focus,115
2009-03,Peugeot ,Peugeot 207,108
2009-03,Volvo ,Volvo XC60,88
2009-04,Volkswagen ,Volkswagen Golf,441
2009-04,Toyota ,Toyota Avensis,389
2009-04,Skoda ,Skoda Octavia,286
2009-04,Peugeot ,Peugeot 308,274
2009-04,Volkswagen ,Volkswagen Tiguan,211
2009-04,Volkswagen ,Volkswagen Passat,202
2009-04,Ford ,Ford Mondeo,201
2009-04,Opel ,Opel Insignia,197
2009-04,Toyota ,Toyota Auris,196
2009-04,Nissan ,Nissan Qashqai,166
2009-04,Volvo ,Volvo V70,156
2009-04,Audi ,Audi A4,148
2009-04,BMW ,BMW 3-serie,133
2009-04,Ford ,Ford Focus,132
2009-04,Peugeot ,Peugeot 207,128
2009-04,Honda ,Honda CR-V,125
2009-04,Toyota ,Toyota Yaris,111
2009-04,Mazda ,Mazda 6,103
2009-04,Mitsubishi ,Mitsubishi Outlander,100
2009-04,Volvo ,Volvo XC60,87
2009-05,Volkswagen ,Volkswagen Golf,509
2009-05,Toyota ,Toyota Avensis,375
2009-05,Opel ,Opel Insignia,237
2009-05,Skoda ,Skoda Octavia,232
2009-05,Ford ,Ford Focus,217
2009-05,Ford ,Ford Mondeo,197
2009-05,Volkswagen ,Volkswagen Passat,193
2009-05,Volkswagen ,Volkswagen Tiguan,172
2009-05,BMW ,BMW 3-serie,168
2009-05,Nissan ,Nissan Qashqai,162
2009-05,Audi ,Audi A4,151
2009-05,Peugeot ,Peugeot 308,148
2009-05,Toyota ,Toyota Auris,129
2009-05,Toyota ,Toyota Yaris,126
2009-05,Toyota ,Toyota Corolla,126
2009-05,Honda ,Honda CR-V,123
2009-05,Volvo ,Volvo XC60,110
2009-05,Peugeot ,Peugeot 207,108
2009-05,Volvo ,Volvo V70,107
2009-05,Mazda ,Mazda 6,54
2009-06,Volkswagen ,Volkswagen Golf,412
2009-06,Ford ,Ford Mondeo,368
2009-06,Toyota ,Toyota Avensis,353
2009-06,Opel ,Opel Insignia,281
2009-06,Volkswagen ,Volkswagen Passat,233
2009-06,Volvo ,Volvo V70,216
2009-06,Nissan ,Nissan Qashqai,202
2009-06,Volvo ,Volvo V50,191
2009-06,Ford ,Ford Focus,190
2009-06,BMW ,BMW 3-serie,188
2009-06,Audi ,Audi A4,186
2009-06,Skoda ,Skoda Octavia,182
2009-06,Hyundai ,Hyundai i30,147
2009-06,Volkswagen ,Volkswagen Tiguan,141
2009-06,Mazda ,Mazda 6,123
2009-06,Peugeot ,Peugeot 308,114
2009-06,Honda ,Honda CR-V,109
2009-06,Volvo ,Volvo XC60,109
2009-06,Toyota ,Toyota Yaris,99
2009-06,Toyota ,Toyota Auris,96
2009-07,Volkswagen ,Volkswagen Golf,482
2009-07,Volkswagen ,Volkswagen Passat,448
2009-07,Toyota ,Toyota Avensis,443
2009-07,Volvo ,Volvo V70,406
2009-07,Ford ,Ford Mondeo,339
2009-07,Nissan ,Nissan Qashqai,325
2009-07,Toyota ,Toyota Auris,288
2009-07,Volvo ,Volvo V50,252
2009-07,Audi ,Audi A4,246
2009-07,Opel ,Opel Insignia,236
2009-07,Volkswagen ,Volkswagen Tiguan,205
2009-07,Skoda ,Skoda Octavia,195
2009-07,Ford ,Ford Focus,195
2009-07,Volvo ,Volvo XC60,178
2009-07,Honda ,Honda CR-V,173
2009-07,BMW ,BMW 3-serie,169
2009-07,Hyundai ,Hyundai i30,165
2009-07,Peugeot ,Peugeot 308,138
2009-07,Toyota ,Toyota Yaris,113
2009-07,Mazda ,Mazda 6,89
2009-08,Volkswagen ,Volkswagen Golf,453
2009-08,Toyota ,Toyota Avensis,343
2009-08,Nissan ,Nissan Qashqai,323
2009-08,Volkswagen ,Volkswagen Passat,298
2009-08,Audi ,Audi A4,224
2009-08,Toyota ,Toyota Auris,219
2009-08,BMW ,BMW 3-serie,194
2009-08,Volkswagen ,Volkswagen Tiguan,190
2009-08,Ford ,Ford Mondeo,184
2009-08,Toyota ,Toyota Yaris,174
2009-08,Skoda ,Skoda Octavia,169
2009-08,Volvo ,Volvo V70,169
2009-08,Hyundai ,Hyundai i30,165
2009-08,Ford ,Ford Focus,154
2009-08,Opel ,Opel Insignia,116
2009-08,Peugeot ,Peugeot 308,99
2009-08,Honda ,Honda CR-V,99
2009-08,Mazda ,Mazda 6,90
2009-08,Volvo ,Volvo V50,69
2009-08,Volvo ,Volvo XC60,58
2009-09,Toyota ,Toyota Prius,515
2009-09,Volkswagen ,Volkswagen Golf,450
2009-09,Ford ,Ford Mondeo,398
2009-09,Volvo ,Volvo V70,347
2009-09,Toyota ,Toyota Avensis,318
2009-09,Nissan ,Nissan Qashqai,302
2009-09,Volkswagen ,Volkswagen Passat,276
2009-09,Volvo ,Volvo V50,243
2009-09,Volkswagen ,Volkswagen Tiguan,238
2009-09,Ford ,Ford Focus,229
2009-09,BMW ,BMW 3-serie,198
2009-09,Skoda ,Skoda Octavia,194
2009-09,Toyota ,Toyota Auris,166
2009-09,Mazda ,Mazda 6,164
2009-09,Audi ,Audi A4,133
2009-09,Opel ,Opel Insignia,132
2009-09,Toyota ,Toyota Yaris,125
2009-09,Hyundai ,Hyundai i30,123
2009-09,Honda ,Honda CR-V,72
2009-09,Peugeot ,Peugeot 308,62
2009-10,Volkswagen ,Volkswagen Golf,632
2009-10,Ford ,Ford Mondeo,395
2009-10,Toyota ,Toyota Avensis,345
2009-10,Skoda ,Skoda Octavia,318
2009-10,Nissan ,Nissan Qashqai,307
2009-10,Toyota ,Toyota Prius,290
2009-10,Volvo ,Volvo V70,288
2009-10,Ford ,Ford Focus,278
2009-10,Volkswagen ,Volkswagen Passat,254
2009-10,Volvo ,Volvo V50,220
2009-10,Audi ,Audi A4,217
2009-10,Volkswagen ,Volkswagen Tiguan,193
2009-10,BMW ,BMW 3-serie,175
2009-10,Opel ,Opel Insignia,167
2009-10,Toyota ,Toyota Auris,162
2009-10,Toyota ,Toyota Yaris,158
2009-10,Hyundai ,Hyundai i30,125
2009-10,Honda ,Honda CR-V,71
2009-10,Peugeot ,Peugeot 308,69
2009-10,Mazda ,Mazda 6,68
2009-11,Volkswagen ,Volkswagen Golf,567
2009-11,Volvo ,Volvo V70,538
2009-11,Ford ,Ford Mondeo,335
2009-11,Volkswagen ,Volkswagen Tiguan,325
2009-11,Toyota ,Toyota Avensis,318
2009-11,Volkswagen ,Volkswagen Passat,311
2009-11,Nissan ,Nissan Qashqai,291
2009-11,Toyota ,Toyota Urban Cruiser,272
2009-11,Audi ,Audi A4,226
2009-11,Skoda ,Skoda Octavia,220
2009-11,Volvo ,Volvo V50,218
2009-11,Ford ,Ford Focus,215
2009-11,Toyota ,Toyota Prius,178
2009-11,Toyota ,Toyota Yaris,170
2009-11,Toyota ,Toyota Rav4,148
2009-11,Volvo ,Volvo XC60,145
2009-11,Toyota ,Toyota Auris,143
2009-11,Opel ,Opel Insignia,143
2009-11,BMW ,BMW 3-serie,130
2009-11,Peugeot ,Peugeot 308,85
2009-12,Volvo ,Volvo V70,668
2009-12,Volkswagen ,Volkswagen Golf,454
2009-12,Ford ,Ford Mondeo,421
2009-12,Volkswagen ,Volkswagen Passat,414
2009-12,Volvo ,Volvo XC60,384
2009-12,Volkswagen ,Volkswagen Tiguan,370
2009-12,Ford ,Ford Focus,277
2009-12,Toyota ,Toyota Avensis,257
2009-12,Audi ,Audi A4,257
2009-12,Nissan ,Nissan Qashqai,231
2009-12,Skoda ,Skoda Octavia,211
2009-12,Toyota ,Toyota Yaris,182
2009-12,Toyota ,Toyota Urban Cruiser,166
2009-12,Opel ,Opel Insignia,147
2009-12,Toyota ,Toyota Rav4,142
2009-12,BMW ,BMW 3-serie,130
2009-12,Toyota ,Toyota Auris,123
2009-12,Volvo ,Volvo V50,81
2009-12,Toyota ,Toyota Prius,78
2009-12,Peugeot ,Peugeot 308,39
2010-01,Volkswagen ,Volkswagen Golf,739
2010-01,Toyota ,Toyota Prius,403
2010-01,Toyota ,Toyota Avensis,347
2010-01,Peugeot ,Peugeot 3008,336
2010-01,Volkswagen ,Volkswagen Polo,310
2010-01,Ford ,Ford Fiesta,308
2010-01,Toyota ,Toyota Urban Cruiser,302
2010-01,Volvo ,Volvo V50,302
2010-01,Volkswagen ,Volkswagen Passat,299
2010-01,Nissan ,Nissan Qashqai,279
2010-01,Ford ,Ford Mondeo,226
2010-01,Peugeot ,Peugeot 308,211
2010-01,Skoda ,Skoda Octavia,197
2010-01,Toyota ,Toyota Auris,190
2010-01,Toyota ,Toyota Yaris,186
2010-01,Toyota ,Toyota Rav4,182
2010-01,Volvo ,Volvo V70,181
2010-01,Audi ,Audi A4,176
2010-01,Peugeot ,Peugeot 207,171
2010-01,Ford ,Ford Focus,166
2010-02,Volkswagen ,Volkswagen Golf,597
2010-02,Volvo ,Volvo V70,330
2010-02,Volvo ,Volvo V50,315
2010-02,Toyota ,Toyota Avensis,313
2010-02,Volkswagen ,Volkswagen Passat,311
2010-02,Skoda ,Skoda Octavia,272
2010-02,Nissan ,Nissan Qashqai,257
2010-02,Mitsubishi ,Mitsubishi Outlander,233
2010-02,Toyota ,Toyota Prius,204
2010-02,Peugeot ,Peugeot 3008,193
2010-02,Volkswagen ,Volkswagen Polo,188
2010-02,Toyota ,Toyota Urban Cruiser,178
2010-02,Ford ,Ford Mondeo,174
2010-02,Suzuki ,Suzuki SX4,164
2010-02,Toyota ,Toyota Yaris,153
2010-02,Toyota ,Toyota Auris,149
2010-02,Audi ,Audi A4,143
2010-02,Ford ,Ford Fiesta,138
2010-02,Toyota ,Toyota Rav4,120
2010-02,Peugeot ,Peugeot 308,98
2010-03,Volkswagen ,Volkswagen Golf,601
2010-03,Volvo ,Volvo V70,387
2010-03,Toyota ,Toyota Avensis,382
2010-03,Nissan ,Nissan Qashqai,381
2010-03,Volkswagen ,Volkswagen Passat,329
2010-03,Peugeot ,Peugeot 3008,308
2010-03,Ford ,Ford Mondeo,300
2010-03,Skoda ,Skoda Octavia,278
2010-03,Ford ,Ford Fiesta,266
2010-03,Volvo ,Volvo V50,241
2010-03,Toyota ,Toyota Auris,230
2010-03,Toyota ,Toyota Prius,222
2010-03,Volvo ,Volvo XC60,218
2010-03,Audi ,Audi A4,207
2010-03,Ford ,Ford Focus,204
2010-03,Opel ,Opel Astra,202
2010-03,Mitsubishi ,Mitsubishi Outlander,198
2010-03,Volkswagen ,Volkswagen Polo,188
2010-03,Toyota ,Toyota Urban Cruiser,158
2010-03,Toyota ,Toyota Yaris,140
2010-04,Volkswagen ,Volkswagen Golf,763
2010-04,Volvo ,Volvo V70,413
2010-04,Nissan ,Nissan Qashqai,386
2010-04,Volkswagen ,Volkswagen Passat,370
2010-04,Volkswagen ,Volkswagen Polo,324
2010-04,Toyota ,Toyota Avensis,297
2010-04,Skoda ,Skoda Octavia,272
2010-04,Mitsubishi ,Mitsubishi Outlander,265
2010-04,Audi ,Audi A4,259
2010-04,Volvo ,Volvo V50,252
2010-04,Volkswagen ,Volkswagen Tiguan,252
2010-04,Audi ,Audi A3,235
2010-04,Peugeot ,Peugeot 3008,220
2010-04,Opel ,Opel Astra,211
2010-04,Toyota ,Toyota Prius,200
2010-04,Toyota ,Toyota Auris,192
2010-04,Ford ,Ford Mondeo,179
2010-04,Toyota ,Toyota Urban Cruiser,141
2010-04,Ford ,Ford Focus,132
2010-04,Ford ,Ford Fiesta,109
2010-05,Volkswagen ,Volkswagen Golf,559
2010-05,Volvo ,Volvo V70,395
2010-05,Nissan ,Nissan Qashqai,381
2010-05,Volkswagen ,Volkswagen Passat,334
2010-05,Ford ,Ford Mondeo,290
2010-05,Toyota ,Toyota Avensis,289
2010-05,Volkswagen ,Volkswagen Polo,279
2010-05,Mitsubishi ,Mitsubishi Outlander,236
2010-05,Audi ,Audi A4,213
2010-05,Toyota ,Toyota Auris,212
2010-05,Ford ,Ford Fiesta,200
2010-05,Peugeot ,Peugeot 3008,199
2010-05,Ford ,Ford Focus,199
2010-05,Volkswagen ,Volkswagen Tiguan,187
2010-05,Skoda ,Skoda Octavia,178
2010-05,Audi ,Audi A3,175
2010-05,Toyota ,Toyota Prius,173
2010-05,Opel ,Opel Astra,164
2010-05,Volvo ,Volvo V50,162
2010-05,Toyota ,Toyota Urban Cruiser,134
2010-06,Volkswagen ,Volkswagen Golf,671
2010-06,Ford ,Ford Mondeo,472
2010-06,Nissan ,Nissan Qashqai,424
2010-06,Volvo ,Volvo V70,373
2010-06,Toyota ,Toyota Avensis,353
2010-06,Skoda ,Skoda Octavia,263
2010-06,Volkswagen ,Volkswagen Passat,262
2010-06,Toyota ,Toyota Auris,256
2010-06,Ford ,Ford Focus,254
2010-06,Audi ,Audi A4,242
2010-06,Toyota ,Toyota Prius,220
2010-06,Mitsubishi ,Mitsubishi Outlander,217
2010-06,Opel ,Opel Astra,213
2010-06,Volvo ,Volvo V50,197
2010-06,Peugeot ,Peugeot 3008,193
2010-06,Ford ,Ford Fiesta,186
2010-06,Volkswagen ,Volkswagen Polo,179
2010-06,Volkswagen ,Volkswagen Tiguan,126
2010-06,Toyota ,Toyota Urban Cruiser,112
2010-06,Audi ,Audi A3,101
2010-07,Volkswagen ,Volkswagen Golf,893
2010-07,Toyota ,Toyota Avensis,416
2010-07,Volvo ,Volvo V70,356
2010-07,Volkswagen ,Volkswagen Passat,347
2010-07,Nissan ,Nissan Qashqai,312
2010-07,Ford ,Ford Mondeo,310
2010-07,Volkswagen ,Volkswagen Polo,310
2010-07,Toyota ,Toyota Auris,306
2010-07,Volvo ,Volvo V50,299
2010-07,Skoda ,Skoda Octavia,282
2010-07,Audi ,Audi A4,248
2010-07,Volvo ,Volvo XC60,245
2010-07,Ford ,Ford Focus,202
2010-07,Peugeot ,Peugeot 3008,201
2010-07,Toyota ,Toyota Prius,199
2010-07,Mitsubishi ,Mitsubishi Outlander,199
2010-07,Ford ,Ford Fiesta,196
2010-07,Volkswagen ,Volkswagen Tiguan,183
2010-07,Opel ,Opel Astra,134
2010-07,Toyota ,Toyota Urban Cruiser,100
2010-08,Volkswagen ,Volkswagen Golf,544
2010-08,Toyota ,Toyota Avensis,411
2010-08,Ford ,Ford Fiesta,369
2010-08,Volkswagen ,Volkswagen Polo,291
2010-08,Nissan ,Nissan Qashqai,280
2010-08,Toyota ,Toyota Auris,254
2010-08,Volkswagen ,Volkswagen Passat,249
2010-08,Ford ,Ford Mondeo,248
2010-08,Audi ,Audi A4,237
2010-08,Volkswagen ,Volkswagen Tiguan,218
2010-08,Ford ,Ford Focus,210
2010-08,Peugeot ,Peugeot 3008,203
2010-08,Volvo ,Volvo V70,194
2010-08,Skoda ,Skoda Octavia,177
2010-08,Toyota ,Toyota Rav4,174
2010-08,Volvo ,Volvo V50,164
2010-08,Toyota ,Toyota Urban Cruiser,157
2010-08,Opel ,Opel Astra,144
2010-08,Mitsubishi ,Mitsubishi Outlander,141
2010-08,Toyota ,Toyota Prius,125
2010-09,Volkswagen ,Volkswagen Golf,670
2010-09,Volvo ,Volvo V70,463
2010-09,Toyota ,Toyota Auris,403
2010-09,Nissan ,Nissan Qashqai,367
2010-09,Ford ,Ford Focus,327
2010-09,Toyota ,Toyota Avensis,318
2010-09,Ford ,Ford Mondeo,267
2010-09,Skoda ,Skoda Octavia,258
2010-09,Ford ,Ford Fiesta,250
2010-09,Volkswagen ,Volkswagen Passat,235
2010-09,Volkswagen ,Volkswagen Tiguan,235
2010-09,Volkswagen ,Volkswagen Polo,210
2010-09,Peugeot ,Peugeot 3008,160
2010-09,Toyota ,Toyota Rav4,160
2010-09,Volvo ,Volvo V50,149
2010-09,Audi ,Audi A4,144
2010-09,Toyota ,Toyota Yaris,144
2010-09,Toyota ,Toyota Prius,131
2010-09,Mitsubishi ,Mitsubishi Outlander,122
2010-09,Opel ,Opel Astra,90
2010-10,Volkswagen ,Volkswagen Golf,742
2010-10,Volvo ,Volvo V70,393
2010-10,Nissan ,Nissan Qashqai,315
2010-10,Toyota ,Toyota Avensis,299
2010-10,Ford ,Ford Fiesta,299
2010-10,Volkswagen ,Volkswagen Polo,297
2010-10,Toyota ,Toyota Auris,273
2010-10,Skoda ,Skoda Octavia,258
2010-10,Volkswagen ,Volkswagen Tiguan,208
2010-10,Volvo ,Volvo V50,191
2010-10,Toyota ,Toyota Rav4,186
2010-10,Peugeot ,Peugeot 3008,183
2010-10,Audi ,Audi A4,178
2010-10,Ford ,Ford Focus,174
2010-10,Volkswagen ,Volkswagen Passat,168
2010-10,Toyota ,Toyota Prius,155
2010-10,Ford ,Ford Mondeo,147
2010-10,Toyota ,Toyota Yaris,136
2010-10,Toyota ,Toyota Urban Cruiser,133
2010-10,Mitsubishi ,Mitsubishi Outlander,123
2010-11,Volkswagen ,Volkswagen Golf,913
2010-11,Volvo ,Volvo V70,492
2010-11,Ford ,Ford Mondeo,424
2010-11,Toyota ,Toyota Avensis,354
2010-11,Skoda ,Skoda Octavia,323
2010-11,Volkswagen ,Volkswagen Polo,318
2010-11,Nissan ,Nissan Qashqai,306
2010-11,Mitsubishi ,Mitsubishi Outlander,283
2010-11,Toyota ,Toyota Auris,270
2010-11,Ford ,Ford Focus,209
2010-11,Audi ,Audi A4,205
2010-11,Toyota ,Toyota Rav4,205
2010-11,Toyota ,Toyota Urban Cruiser,202
2010-11,Toyota ,Toyota Yaris,187
2010-11,Ford ,Ford Fiesta,173
2010-11,Peugeot ,Peugeot 3008,165
2010-11,Volkswagen ,Volkswagen Tiguan,162
2010-11,Volvo ,Volvo V50,147
2010-11,Toyota ,Toyota Prius,105
2010-11,Volkswagen ,Volkswagen Passat,80
2010-12,Volvo ,Volvo V70,658
2010-12,Volkswagen ,Volkswagen Golf,537
2010-12,Ford ,Ford Mondeo,385
2010-12,Ford ,Ford Focus,303
2010-12,Volvo ,Volvo XC60,284
2010-12,Skoda ,Skoda Octavia,256
2010-12,Mitsubishi ,Mitsubishi Outlander,252
2010-12,Nissan ,Nissan Qashqai,182
2010-12,Volkswagen ,Volkswagen Passat,178
2010-12,Audi ,Audi A4,161
2010-12,Toyota ,Toyota Avensis,142
2010-12,Toyota ,Toyota Auris,142
2010-12,Volkswagen ,Volkswagen Polo,138
2010-12,Volvo ,Volvo V50,127
2010-12,Volkswagen ,Volkswagen Tiguan,124
2010-12,Ford ,Ford Fiesta,117
2010-12,Peugeot ,Peugeot 3008,115
2010-12,Toyota ,Toyota Rav4,88
2010-12,Toyota ,Toyota Yaris,74
2010-12,Toyota ,Toyota Prius,71
2011-01,Volkswagen ,Volkswagen Golf,637
2011-01,Toyota ,Toyota Avensis,414
2011-01,Toyota ,Toyota Auris,409
2011-01,Nissan ,Nissan Qashqai,303
2011-01,Volkswagen ,Volkswagen Polo,301
2011-01,Volkswagen ,Volkswagen Passat,269
2011-01,Skoda ,Skoda Octavia,257
2011-01,Ford ,Ford Mondeo,245
2011-01,Ford ,Ford Focus,206
2011-01,Volvo ,Volvo V70,203
2011-01,Mitsubishi ,Mitsubishi ASX,202
2011-01,Suzuki ,Suzuki Swift,199
2011-01,Toyota ,Toyota Rav4,194
2011-01,Volkswagen ,Volkswagen Touran,186
2011-01,Toyota ,Toyota Prius,173
2011-01,Suzuki ,Suzuki SX4,171
2011-01,BMW ,BMW X1,168
2011-01,Opel ,Opel Astra,168
2011-01,Peugeot ,Peugeot 3008,167
2011-01,Volkswagen ,Volkswagen Tiguan,158
2011-01,Volvo ,Volvo V50,158
2011-02,Volkswagen ,Volkswagen Golf,532
2011-02,Toyota ,Toyota Avensis,326
2011-02,Volvo ,Volvo V70,323
2011-02,Volkswagen ,Volkswagen Passat,319
2011-02,Ford ,Ford Mondeo,313
2011-02,Toyota ,Toyota Auris,283
2011-02,Skoda ,Skoda Octavia,278
2011-02,Nissan ,Nissan Qashqai,272
2011-02,Volvo ,Volvo V50,251
2011-02,Mitsubishi ,Mitsubishi ASX,222
2011-02,Volkswagen ,Volkswagen Polo,200
2011-02,Peugeot ,Peugeot 3008,192
2011-02,Ford ,Ford Focus,191
2011-02,Volkswagen ,Volkswagen Tiguan,183
2011-02,Volvo ,Volvo XC60,177
2011-02,Toyota ,Toyota Rav4,167
2011-02,Toyota ,Toyota Yaris,164
2011-02,Volkswagen ,Volkswagen Touran,159
2011-02,Opel ,Opel Astra,136
2011-02,Suzuki ,Suzuki Swift,124
2011-03,Volkswagen ,Volkswagen Golf,714
2011-03,Volvo ,Volvo V70,404
2011-03,Toyota ,Toyota Avensis,369
2011-03,Volkswagen ,Volkswagen Passat,347
2011-03,Mitsubishi ,Mitsubishi ASX,336
2011-03,Toyota ,Toyota Auris,322
2011-03,Ford ,Ford Focus,321
2011-03,Volkswagen ,Volkswagen Tiguan,296
2011-03,Nissan ,Nissan Qashqai,282
2011-03,Ford ,Ford Mondeo,280
2011-03,Volvo ,Volvo V50,257
2011-03,Volkswagen ,Volkswagen Polo,252
2011-03,Volvo ,Volvo XC60,240
2011-03,Opel ,Opel Astra,213
2011-03,Suzuki ,Suzuki Swift,212
2011-03,Skoda ,Skoda Octavia,209
2011-03,Toyota ,Toyota Yaris,188
2011-03,Peugeot ,Peugeot 3008,177
2011-03,Toyota ,Toyota Rav4,162
2011-03,Volkswagen ,Volkswagen Touran,130
2011-04,Volkswagen ,Volkswagen Golf,680
2011-04,Mitsubishi ,Mitsubishi ASX,642
2011-04,Volkswagen ,Volkswagen Passat,432
2011-04,Volvo ,Volvo V70,345
2011-04,Volkswagen ,Volkswagen Polo,335
2011-04,Toyota ,Toyota Avensis,296
2011-04,Toyota ,Toyota Auris,270
2011-04,Ford ,Ford Focus,266
2011-04,Nissan ,Nissan Qashqai,258
2011-04,Skoda ,Skoda Octavia,238
2011-04,Peugeot ,Peugeot 3008,222
2011-04,Ford ,Ford Mondeo,202
2011-04,Audi ,Audi A4,175
2011-04,Opel ,Opel Astra,172
2011-04,Volvo ,Volvo V50,156
2011-04,Volvo ,Volvo XC60,146
2011-04,Volkswagen ,Volkswagen Touran,139
2011-04,Volkswagen ,Volkswagen Tiguan,138
2011-04,Suzuki ,Suzuki Swift,128
2011-04,Toyota ,Toyota Rav4,114
2011-05,Volkswagen ,Volkswagen Golf,611
2011-05,Volkswagen ,Volkswagen Passat,581
2011-05,Mitsubishi ,Mitsubishi ASX,577
2011-05,Volvo ,Volvo V60,401
2011-05,Ford ,Ford Focus,359
2011-05,Nissan ,Nissan Qashqai,349
2011-05,Toyota ,Toyota Avensis,335
2011-05,Volkswagen ,Volkswagen Polo,297
2011-05,Ford ,Ford Mondeo,286
2011-05,Toyota ,Toyota Auris,259
2011-05,Audi ,Audi A4,242
2011-05,Skoda ,Skoda Octavia,241
2011-05,Volvo ,Volvo V70,239
2011-05,Volvo ,Volvo V50,213
2011-05,Opel ,Opel Astra,191
2011-05,Peugeot ,Peugeot 3008,149
2011-05,Toyota ,Toyota Rav4,118
2011-05,Volvo ,Volvo XC60,115
2011-05,Suzuki ,Suzuki Swift,101
2011-05,Volkswagen ,Volkswagen Tiguan,81
2011-06,Volkswagen ,Volkswagen Passat,411
2011-06,Volkswagen ,Volkswagen Golf,391
2011-06,Mitsubishi ,Mitsubishi ASX,363
2011-06,Ford ,Ford Focus,325
2011-06,Ford ,Ford Mondeo,310
2011-06,Nissan ,Nissan Qashqai,307
2011-06,Volvo ,Volvo V70,256
2011-06,Volvo ,Volvo V60,255
2011-06,Toyota ,Toyota Avensis,246
2011-06,Skoda ,Skoda Octavia,245
2011-06,Audi ,Audi A4,203
2011-06,Peugeot ,Peugeot 508,191
2011-06,Volvo ,Volvo V50,170
2011-06,Opel ,Opel Astra,168
2011-06,Toyota ,Toyota Auris,141
2011-06,Volkswagen ,Volkswagen Polo,141
2011-06,Peugeot ,Peugeot 3008,118
2011-06,Toyota ,Toyota Yaris,117
2011-06,Volvo ,Volvo XC60,89
2011-06,Volkswagen ,Volkswagen Tiguan,55
2011-07,Volkswagen ,Volkswagen Golf,636
2011-07,Mitsubishi ,Mitsubishi ASX,477
2011-07,Toyota ,Toyota Avensis,410
2011-07,Volvo ,Volvo V70,384
2011-07,Ford ,Ford Focus,352
2011-07,Volkswagen ,Volkswagen Passat,329
2011-07,Nissan ,Nissan Qashqai,305
2011-07,Skoda ,Skoda Octavia,283
2011-07,Volvo ,Volvo V50,255
2011-07,Toyota ,Toyota Auris,236
2011-07,Volkswagen ,Volkswagen Polo,236
2011-07,Toyota ,Toyota Yaris,225
2011-07,Volvo ,Volvo V60,222
2011-07,Peugeot ,Peugeot 508,220
2011-07,Ford ,Ford Mondeo,208
2011-07,Audi ,Audi A4,192
2011-07,Opel ,Opel Astra,176
2011-07,Volvo ,Volvo XC60,172
2011-07,Peugeot ,Peugeot 3008,145
2011-07,Volkswagen ,Volkswagen Tiguan,115
2011-08,Volkswagen ,Volkswagen Golf,668
2011-08,Ford ,Ford Focus,520
2011-08,Volkswagen ,Volkswagen Passat,406
2011-08,Mitsubishi ,Mitsubishi ASX,338
2011-08,Volkswagen ,Volkswagen Polo,305
2011-08,Skoda ,Skoda Octavia,274
2011-08,Toyota ,Toyota Avensis,266
2011-08,Nissan ,Nissan Qashqai,262
2011-08,Toyota ,Toyota Auris,243
2011-08,Volvo ,Volvo V70,232
2011-08,Ford ,Ford Mondeo,230
2011-08,Volkswagen ,Volkswagen Tiguan,222
2011-08,Audi ,Audi A4,193
2011-08,Volvo ,Volvo V50,178
2011-08,Peugeot ,Peugeot 508,173
2011-08,Toyota ,Toyota Yaris,153
2011-08,Volvo ,Volvo V60,151
2011-08,Opel ,Opel Astra,147
2011-08,Peugeot ,Peugeot 3008,142
2011-08,Volvo ,Volvo XC60,72
2011-09,Volkswagen ,Volkswagen Golf,608
2011-09,Ford ,Ford Focus,440
2011-09,Nissan ,Nissan Qashqai,430
2011-09,Volvo ,Volvo V70,372
2011-09,Volkswagen ,Volkswagen Passat,342
2011-09,Skoda ,Skoda Octavia,331
2011-09,Toyota ,Toyota Avensis,321
2011-09,Volvo ,Volvo XC60,301
2011-09,Volvo ,Volvo V60,252
2011-09,Ford ,Ford Mondeo,239
2011-09,Toyota ,Toyota Auris,229
2011-09,Volkswagen ,Volkswagen Tiguan,225
2011-09,Volkswagen ,Volkswagen Polo,220
2011-09,Audi ,Audi A4,205
2011-09,Peugeot ,Peugeot 508,184
2011-09,Peugeot ,Peugeot 3008,169
2011-09,Volvo ,Volvo V50,163
2011-09,Toyota ,Toyota Yaris,154
2011-09,Opel ,Opel Astra,111
2011-09,Mitsubishi ,Mitsubishi ASX,107
2011-10,Volkswagen ,Volkswagen Golf,667
2011-10,Ford ,Ford Focus,428
2011-10,Volkswagen ,Volkswagen Tiguan,367
2011-10,Volkswagen ,Volkswagen Passat,361
2011-10,Skoda ,Skoda Octavia,357
2011-10,Volvo ,Volvo V70,325
2011-10,Nissan ,Nissan Qashqai,312
2011-10,Ford ,Ford Mondeo,308
2011-10,Toyota ,Toyota Auris,307
2011-10,Volvo ,Volvo V60,296
2011-10,Toyota ,Toyota Avensis,288
2011-10,Volkswagen ,Volkswagen Polo,227
2011-10,Volvo ,Volvo XC60,192
2011-10,Audi ,Audi A4,184
2011-10,BMW ,BMW X3,145
2011-10,Mitsubishi ,Mitsubishi ASX,133
2011-10,Toyota ,Toyota Yaris,94
2011-10,Toyota ,Toyota Prius,75
2011-10,Nissan ,Nissan Leaf,13
2011-11,Volkswagen ,Volkswagen Golf,619
2011-11,Ford ,Ford Focus,492
2011-11,Volvo ,Volvo V70,466
2011-11,Volkswagen ,Volkswagen Passat,396
2011-11,Mitsubishi ,Mitsubishi ASX,382
2011-11,Volkswagen ,Volkswagen Tiguan,332
2011-11,Volvo ,Volvo V60,331
2011-11,Toyota ,Toyota Auris,301
2011-11,Ford ,Ford Mondeo,277
2011-11,Nissan ,Nissan Qashqai,271
2011-11,Toyota ,Toyota Avensis,268
2011-11,Skoda ,Skoda Octavia,257
2011-11,Volkswagen ,Volkswagen Polo,236
2011-11,Volvo ,Volvo XC60,208
2011-11,Peugeot ,Peugeot 508,196
2011-11,Toyota ,Toyota Yaris,195
2011-11,Audi ,Audi A4,178
2011-11,Peugeot ,Peugeot 3008,116
2011-11,Opel ,Opel Astra,114
2011-11,Volvo ,Volvo V50,94
2011-12,Volkswagen ,Volkswagen Golf,607
2011-12,Ford ,Ford Focus,537
2011-12,Volvo ,Volvo V70,503
2011-12,Volkswagen ,Volkswagen Tiguan,479
2011-12,Volkswagen ,Volkswagen Passat,415
2011-12,Mitsubishi ,Mitsubishi ASX,415
2011-12,Volvo ,Volvo V60,360
2011-12,Skoda ,Skoda Octavia,321
2011-12,Ford ,Ford Mondeo,309
2011-12,Volkswagen ,Volkswagen Polo,230
2011-12,Toyota ,Toyota Avensis,225
2011-12,Nissan ,Nissan Qashqai,206
2011-12,Volvo ,Volvo XC60,194
2011-12,Toyota ,Toyota Yaris,188
2011-12,Audi ,Audi A4,185
2011-12,Peugeot ,Peugeot 508,141
2011-12,Toyota ,Toyota Auris,129
2011-12,Volvo ,Volvo V50,118
2011-12,Peugeot ,Peugeot 3008,90
2011-12,Opel ,Opel Astra,81
2012-01,Volkswagen ,Volkswagen Golf,482
2012-01,Toyota ,Toyota Yaris,381
2012-01,Volkswagen ,Volkswagen Tiguan,336
2012-01,Nissan ,Nissan Qashqai,331
2012-01,Volvo ,Volvo V70,313
2012-01,Volkswagen ,Volkswagen Passat,290
2012-01,Ford ,Ford Focus,251
2012-01,Mitsubishi ,Mitsubishi ASX,238
2012-01,BMW ,BMW X3,237
2012-01,Volvo ,Volvo V60,225
2012-01,Volvo ,Volvo XC60,223
2012-01,Toyota ,Toyota Avensis,221
2012-01,Nissan ,Nissan Leaf,210
2012-01,Peugeot ,Peugeot 508,186
2012-01,Toyota ,Toyota Auris,184
2012-01,Ford ,Ford Mondeo,182
2012-01,Toyota ,Toyota Rav4,179
2012-01,Volkswagen ,Volkswagen Polo,179
2012-01,Audi ,Audi Q3,159
2012-01,Suzuki ,Suzuki Swift,158
2012-02,Toyota ,Toyota Avensis,423
2012-02,Volkswagen ,Volkswagen Golf,377
2012-02,Volkswagen ,Volkswagen Tiguan,314
2012-02,Toyota ,Toyota Yaris,309
2012-02,Ford ,Ford Focus,276
2012-02,Volvo ,Volvo V70,270
2012-02,Volkswagen ,Volkswagen Passat,263
2012-02,Nissan ,Nissan Qashqai,225
2012-02,Toyota ,Toyota Auris,219
2012-02,Skoda ,Skoda Octavia,219
2012-02,Nissan ,Nissan Leaf,214
2012-02,Ford ,Ford Mondeo,208
2012-02,Volkswagen ,Volkswagen Polo,198
2012-02,Volvo ,Volvo V60,186
2012-02,Toyota ,Toyota Rav4,173
2012-02,Mitsubishi ,Mitsubishi ASX,171
2012-02,Peugeot ,Peugeot 508,169
2012-02,Kia ,Kia Sportage,154
2012-02,BMW ,BMW X3,132
2012-02,Volvo ,Volvo XC60,132
2012-03,Volkswagen ,Volkswagen Golf,599
2012-03,Ford ,Ford Focus,509
2012-03,Toyota ,Toyota Avensis,500
2012-03,Volvo ,Volvo V70,439
2012-03,Volkswagen ,Volkswagen Tiguan,377
2012-03,Toyota ,Toyota Yaris,368
2012-03,Volkswagen ,Volkswagen Passat,332
2012-03,Nissan ,Nissan Qashqai,293
2012-03,Ford ,Ford Mondeo,264
2012-03,Toyota ,Toyota Auris,263
2012-03,Volvo ,Volvo V50,232
2012-03,Toyota ,Toyota Rav4,228
2012-03,Skoda ,Skoda Octavia,210
2012-03,Volvo ,Volvo V60,199
2012-03,Mitsubishi ,Mitsubishi ASX,186
2012-03,BMW ,BMW X3,186
2012-03,Nissan ,Nissan Leaf,179
2012-03,Volvo ,Volvo XC60,173
2012-03,Volkswagen ,Volkswagen Polo,136
2012-03,Peugeot ,Peugeot 508,133
2012-04,Volkswagen ,Volkswagen Golf,685
2012-04,Volkswagen ,Volkswagen Tiguan,414
2012-04,Volkswagen ,Volkswagen Passat,397
2012-04,Toyota ,Toyota Avensis,316
2012-04,Volvo ,Volvo V70,301
2012-04,Skoda ,Skoda Octavia,297
2012-04,Toyota ,Toyota Yaris,289
2012-04,Ford ,Ford Focus,269
2012-04,Volkswagen ,Volkswagen Polo,257
2012-04,Volvo ,Volvo V50,228
2012-04,Toyota ,Toyota Auris,208
2012-04,Mitsubishi ,Mitsubishi ASX,200
2012-04,BMW ,BMW X3,199
2012-04,Nissan ,Nissan Qashqai,197
2012-04,Volvo ,Volvo V60,183
2012-04,Volvo ,Volvo XC60,169
2012-04,Toyota ,Toyota Rav4,157
2012-04,Ford ,Ford Mondeo,155
2012-04,Peugeot ,Peugeot 508,128
2012-04,Nissan ,Nissan Leaf,113
2012-05,Volkswagen ,Volkswagen Golf,555
2012-05,Ford ,Ford Focus,467
2012-05,Volkswagen ,Volkswagen Passat,417
2012-05,Toyota ,Toyota Avensis,376
2012-05,Volvo ,Volvo V70,332
2012-05,Volvo ,Volvo V50,329
2012-05,Volkswagen ,Volkswagen Tiguan,313
2012-05,Toyota ,Toyota Auris,299
2012-05,Nissan ,Nissan Qashqai,260
2012-05,Volvo ,Volvo V60,258
2012-05,Toyota ,Toyota Yaris,256
2012-05,Mitsubishi ,Mitsubishi ASX,240
2012-05,BMW ,BMW X3,223
2012-05,Skoda ,Skoda Octavia,220
2012-05,Peugeot ,Peugeot 508,198
2012-05,Nissan ,Nissan Leaf,179
2012-05,Ford ,Ford Mondeo,178
2012-05,Toyota ,Toyota Rav4,149
2012-05,Volkswagen ,Volkswagen Polo,119
2012-05,Volvo ,Volvo XC60,117
2012-06,Ford ,Ford Focus,516
2012-06,Volkswagen ,Volkswagen Golf,377
2012-06,Volkswagen ,Volkswagen Passat,349
2012-06,Toyota ,Toyota Avensis,333
2012-06,Volkswagen ,Volkswagen Tiguan,311
2012-06,Volvo ,Volvo V70,305
2012-06,Skoda ,Skoda Octavia,274
2012-06,Nissan ,Nissan Qashqai,227
2012-06,Ford ,Ford Mondeo,226
2012-06,Volvo ,Volvo V60,224
2012-06,BMW ,BMW X3,224
2012-06,Toyota ,Toyota Yaris,213
2012-06,Toyota ,Toyota Auris,208
2012-06,Mazda ,Mazda CX-5,204
2012-06,Subaru ,Subaru XV,182
2012-06,Mitsubishi ,Mitsubishi ASX,176
2012-06,Kia ,Kia Sportage,164
2012-06,Volvo ,Volvo XC60,157
2012-06,Peugeot ,Peugeot 508,156
2012-06,Toyota ,Toyota Prius,144
2012-06,Audi ,Audi A4,143
2012-06,Ford ,Ford S-Max,140
2012-06,Volvo ,Volvo V50,138
2012-06,Nissan ,Nissan Leaf,138
2012-06,BMW ,BMW 1-serie,133
2012-06,Peugeot ,Peugeot 208,133
2012-06,Hyundai ,Hyundai i30,132
2012-06,Skoda ,Skoda Superb,127
2012-06,Toyota ,Toyota RAV4,125
2012-06,Hyundai ,Hyundai ix35,125
2012-06,Volkswagen ,Volkswagen Polo,110
2012-07,Volkswagen ,Volkswagen Golf,612
2012-07,Volkswagen ,Volkswagen Passat,420
2012-07,Toyota ,Toyota Avensis,378
2012-07,Ford ,Ford Focus,369
2012-07,Skoda ,Skoda Octavia,356
2012-07,Volkswagen ,Volkswagen Tiguan,352
2012-07,Volvo ,Volvo V70,340
2012-07,Nissan ,Nissan Qashqai,275
2012-07,Subaru ,Subaru XV,263
2012-07,Toyota ,Toyota Auris,245
2012-07,Volvo ,Volvo V60,244
2012-07,Ford ,Ford Mondeo,218
2012-07,Toyota ,Toyota Yaris,212
2012-07,Volkswagen ,Volkswagen Polo,198
2012-07,Mitsubishi ,Mitsubishi ASX,182
2012-07,Nissan ,Nissan Leaf,174
2012-07,Volvo ,Volvo XC60,173
2012-07,BMW ,BMW X3,165
2012-07,Toyota ,Toyota Rav4,124
2012-07,Volvo ,Volvo V50,103
2012-08,Volkswagen ,Volkswagen Golf,566
2012-08,Toyota ,Toyota Yaris,453
2012-08,Volkswagen ,Volkswagen Passat,340
2012-08,Ford ,Ford Focus,337
2012-08,Toyota ,Toyota Avensis,280
2012-08,Subaru ,Subaru XV,272
2012-08,Volkswagen ,Volkswagen Polo,236
2012-08,Nissan ,Nissan Qashqai,232
2012-08,Ford ,Ford Mondeo,231
2012-08,Volkswagen ,Volkswagen Tiguan,227
2012-08,Skoda ,Skoda Octavia,217
2012-08,Nissan ,Nissan Leaf,213
2012-08,Volvo ,Volvo V60,199
2012-08,Mitsubishi ,Mitsubishi ASX,185
2012-08,Audi ,Audi A4,185
2012-08,Kia ,Kia Sportage,174
2012-08,Volvo ,Volvo V70,173
2012-08,Toyota ,Toyota Auris,171
2012-08,BMW ,BMW X3,139
2012-08,Volvo ,Volvo V50,46
2012-09,Volkswagen ,Volkswagen Golf,461
2012-09,Ford ,Ford Focus,338
2012-09,Toyota ,Toyota Prius,324
2012-09,Volkswagen ,Volkswagen Passat,321
2012-09,Volvo ,Volvo V70,320
2012-09,Subaru ,Subaru XV,319
2012-09,Volvo ,Volvo V60,303
2012-09,Toyota ,Toyota Avensis,288
2012-09,Toyota ,Toyota Yaris,274
2012-09,Ford ,Ford Mondeo,263
2012-09,Nissan ,Nissan Leaf,257
2012-09,Volkswagen ,Volkswagen Tiguan,245
2012-09,Nissan ,Nissan Qashqai,224
2012-09,Skoda ,Skoda Octavia,179
2012-09,BMW ,BMW X3,176
2012-09,Toyota ,Toyota Auris,173
2012-09,Mitsubishi ,Mitsubishi ASX,159
2012-09,Audi ,Audi A4,119
2012-09,Kia ,Kia Sportage,118
2012-09,Volkswagen ,Volkswagen Polo,101
2012-10,Volkswagen ,Volkswagen Golf,483
2012-10,Toyota ,Toyota Yaris,460
2012-10,Volkswagen ,Volkswagen Passat,391
2012-10,Toyota ,Toyota Prius,351
2012-10,Volkswagen ,Volkswagen Tiguan,341
2012-10,Ford ,Ford Focus,319
2012-10,Volvo ,Volvo V60,295
2012-10,Toyota ,Toyota Avensis,286
2012-10,Nissan ,Nissan Leaf,277
2012-10,Volvo ,Volvo V70,276
2012-10,Ford ,Ford Mondeo,262
2012-10,Skoda ,Skoda Octavia,255
2012-10,Nissan ,Nissan Qashqai,239
2012-10,Toyota ,Toyota Auris,224
2012-10,Subaru ,Subaru XV,212
2012-10,Volvo ,Volvo XC60,177
2012-10,BMW ,BMW X3,170
2012-10,Volkswagen ,Volkswagen Polo,169
2012-10,Audi ,Audi A4,160
2012-10,Mitsubishi ,Mitsubishi ASX,133
2012-11,Volkswagen ,Volkswagen Golf,664
2012-11,Volkswagen ,Volkswagen Passat,376
2012-11,Volkswagen ,Volkswagen Tiguan,371
2012-11,Toyota ,Toyota Yaris,366
2012-11,Volvo ,Volvo V70,337
2012-11,Ford ,Ford Focus,301
2012-11,Toyota ,Toyota Prius,279
2012-11,Volvo ,Volvo V60,278
2012-11,Nissan ,Nissan Qashqai,272
2012-11,Volvo ,Volvo V40,230
2012-11,Mitsubishi ,Mitsubishi Outlander,224
2012-11,Kia ,Kia Sportage,223
2012-11,Audi ,Audi A4,216
2012-11,Volkswagen ,Volkswagen up!,208
2012-11,Volkswagen ,Volkswagen Polo,207
2012-11,Volvo ,Volvo XC60,207
2012-11,Nissan ,Nissan Leaf,206
2012-11,Toyota ,Toyota Auris,199
2012-11,Peugeot ,Peugeot 208,195
2012-11,Skoda ,Skoda Octavia,190
2012-11,Toyota ,Toyota Avensis,187
2012-11,Subaru ,Subaru XV,168
2012-11,BMW ,BMW 3-serie,158
2012-11,Mercedes-Benz ,Mercedes-Benz B-klasse,149
2012-11,Kia ,Kia cee'd,146
2012-11,BMW ,BMW X3,140
2012-11,Honda ,Honda CR-V,138
2012-11,Mazda ,Mazda CX-5,137
2012-11,Ford ,Ford Mondeo,133
2012-11,Citroen ,Citroen C4 Aircross,129
2012-11,Mitsubishi ,Mitsubishi ASX,88
2012-12,Volvo ,Volvo V70,454
2012-12,Volkswagen ,Volkswagen Golf,452
2012-12,Ford ,Ford Focus,309
2012-12,Volvo ,Volvo XC60,287
2012-12,Volkswagen ,Volkswagen Tiguan,278
2012-12,Volvo ,Volvo V60,266
2012-12,Volkswagen ,Volkswagen Passat,252
2012-12,Skoda ,Skoda Octavia,252
2012-12,Mazda ,Mazda CX-5,226
2012-12,Volvo ,Volvo V40,220
2012-12,Mitsubishi ,Mitsubishi Outlander,192
2012-12,Toyota ,Toyota Prius,188
2012-12,Toyota ,Toyota Auris,162
2012-12,Mercedes-Benz ,Mercedes-Benz B-klasse,159
2012-12,Mercedes-Benz ,Mercedes-Benz C-klasse,146
2012-12,Audi ,Audi A4,140
2012-12,Toyota ,Toyota Avensis,138
2012-12,Nissan ,Nissan Leaf,138
2012-12,Toyota ,Toyota Yaris,134
2012-12,Skoda ,Skoda Superb,131
2012-12,Mercedes-Benz ,Mercedes-Benz A-klasse,131
2012-12,Ford ,Ford Mondeo,125
2012-12,Honda ,Honda CR-V,125
2012-12,Nissan ,Nissan Qashqai,122
2012-12,Hyundai ,Hyundai ix35,116
2012-12,Ford ,Ford Kuga,114
2012-12,Kia ,Kia Sportage,113
2012-12,BMW ,BMW X3,111
2012-12,BMW ,BMW 3-serie,110
2012-12,Volkswagen ,Volkswagen Polo,102
2012-12,Subaru ,Subaru XV,80
2012-12,Mitsubishi ,Mitsubishi ASX,70
2013-01,Volkswagen ,Volkswagen Golf,733
2013-01,Mazda ,Mazda CX-5,490
2013-01,Toyota ,Toyota Yaris,403
2013-01,Mitsubishi ,Mitsubishi Outlander,392
2013-01,Ford ,Ford Focus,317
2013-01,Nissan ,Nissan Qashqai,277
2013-01,Volkswagen ,Volkswagen Tiguan,274
2013-01,Volvo ,Volvo V70,269
2013-01,Nissan ,Nissan Leaf,265
2013-01,Toyota ,Toyota Prius,248
2013-01,Volkswagen ,Volkswagen Passat,245
2013-01,Volvo ,Volvo V40,243
2013-01,Volvo ,Volvo V60,211
2013-01,Honda ,Honda CR-V,204
2013-01,Toyota ,Toyota Avensis,203
2013-01,BMW ,BMW X3,195
2013-01,Peugeot ,Peugeot 208,194
2013-01,BMW ,BMW 3-serie,192
2013-01,Peugeot ,Peugeot 508,180
2013-01,Audi ,Audi A4,179
2013-02,Volkswagen ,Volkswagen Golf,678
2013-02,Mazda ,Mazda CX-5,497
2013-02,Toyota ,Toyota Auris,410
2013-02,Toyota ,Toyota Yaris,390
2013-02,Nissan ,Nissan Leaf,287
2013-02,Mercedes-Benz ,Mercedes-Benz A-klasse,281
2013-02,Volkswagen ,Volkswagen Passat,274
2013-02,Mitsubishi ,Mitsubishi Outlander,267
2013-02,Volvo ,Volvo V40,260
2013-02,Ford ,Ford Focus,253
2013-02,Volkswagen ,Volkswagen Tiguan,233
2013-02,Honda ,Honda CR-V,227
2013-02,Volvo ,Volvo V70,200
2013-02,Toyota ,Toyota Prius,197
2013-02,Toyota ,Toyota Avensis,196
2013-02,Nissan ,Nissan Qashqai,195
2013-02,Peugeot ,Peugeot 208,187
2013-02,Volvo ,Volvo V60,186
2013-02,Kia ,Kia Sportage,175
2013-02,Audi ,Audi A4,169
2013-03,Volkswagen ,Volkswagen Golf,555
2013-03,Mazda ,Mazda CX-5,489
2013-03,Toyota ,Toyota Auris,400
2013-03,Nissan ,Nissan Leaf,297
2013-03,Volvo ,Volvo V40,270
2013-03,Ford ,Ford Focus,264
2013-03,Nissan ,Nissan Qashqai,259
2013-03,Volkswagen ,Volkswagen Passat,258
2013-03,Skoda ,Skoda Octavia,243
2013-03,Toyota ,Toyota Yaris,240
2013-03,Volkswagen ,Volkswagen Tiguan,238
2013-03,Mitsubishi ,Mitsubishi Outlander,234
2013-03,Toyota ,Toyota Avensis,224
2013-03,Mercedes-Benz ,Mercedes-Benz A-klasse,221
2013-03,Volvo ,Volvo V70,219
2013-03,Honda ,Honda CR-V,214
2013-03,Volvo ,Volvo V60,190
2013-03,Toyota ,Toyota Prius,154
2013-03,Peugeot ,Peugeot 208,148
2013-03,Audi ,Audi A4,139
2013-04,Volkswagen ,Volkswagen Golf,903
2013-04,Nissan ,Nissan Leaf,455
2013-04,Toyota ,Toyota Auris,431
2013-04,Toyota ,Toyota Rav4,410
2013-04,Mitsubishi ,Mitsubishi Outlander,387
2013-04,Volvo ,Volvo V40,369
2013-04,Ford ,Ford Focus,325
2013-04,Volkswagen ,Volkswagen Passat,324
2013-04,Volkswagen ,Volkswagen Tiguan,316
2013-04,Toyota ,Toyota Yaris,297
2013-04,Nissan ,Nissan Qashqai,266
2013-04,Volvo ,Volvo V70,264
2013-04,Mercedes-Benz ,Mercedes-Benz A-klasse,260
2013-04,Skoda ,Skoda Octavia,252
2013-04,Audi ,Audi A4,247
2013-04,Mazda ,Mazda CX-5,243
2013-04,Volvo ,Volvo V60,243
2013-04,Toyota ,Toyota Avensis,208
2013-04,Honda ,Honda CR-V,205
2013-04,Toyota ,Toyota Prius,151
2013-05,Volkswagen ,Volkswagen Golf,512
2013-05,Volvo ,Volvo V40,400
2013-05,Toyota ,Toyota Auris,397
2013-05,Mitsubishi ,Mitsubishi Outlander,396
2013-05,Toyota ,Toyota Yaris,366
2013-05,Toyota ,Toyota Rav4,356
2013-05,Ford ,Ford Focus,335
2013-05,Nissan ,Nissan Leaf,330
2013-05,Toyota ,Toyota Avensis,276
2013-05,Nissan ,Nissan Qashqai,261
2013-05,Volkswagen ,Volkswagen Passat,256
2013-05,Opel ,Opel Mokka,238
2013-05,Volvo ,Volvo V70,217
2013-05,Volkswagen ,Volkswagen Tiguan,211
2013-05,Audi ,Audi A3,211
2013-05,Audi ,Audi A4,197
2013-05,Peugeot ,Peugeot 208,194
2013-05,Skoda ,Skoda Octavia,187
2013-05,Mercedes-Benz ,Mercedes-Benz A-klasse,184
2013-05,Mercedes-Benz ,Mercedes-Benz A-klasse,184
2013-05,BMW ,BMW 3-serie,173
2013-05,Ford ,Ford Kuga,171
2013-05,Mazda ,Mazda CX-5,167
2013-05,Honda ,Honda CR-V,164
2013-05,Volvo ,Volvo XC60,159
2013-05,Ford ,Ford Fiesta,151
2013-05,Ford ,Ford Mondeo,148
2013-05,Volvo ,Volvo V60,144
2013-05,BMW ,BMW 1-serie,140
2013-05,Peugeot ,Peugeot 508,137
2013-05,BMW ,BMW X3,136
2013-06,Volkswagen ,Volkswagen Golf,550
2013-06,Toyota ,Toyota Rav4,448
2013-06,Toyota ,Toyota Yaris,350
2013-06,Nissan ,Nissan Leaf,340
2013-06,Mazda ,Mazda CX-5,336
2013-06,Ford ,Ford Focus,295
2013-06,Volkswagen ,Volkswagen Passat,281
2013-06,Toyota ,Toyota Auris,269
2013-06,Mitsubishi ,Mitsubishi Outlander,260
2013-06,Volvo ,Volvo V40,251
2013-06,Nissan ,Nissan Qashqai,230
2013-06,Volvo ,Volvo V70,218
2013-06,Volkswagen ,Volkswagen Tiguan,216
2013-06,Skoda ,Skoda Octavia,184
2013-06,Toyota ,Toyota Avensis,165
2013-06,Audi ,Audi A4,159
2013-06,Honda ,Honda CR-V,132
2013-06,Opel ,Opel Mokka,110
2013-06,Volvo ,Volvo V60,103
2013-06,Mercedes-Benz ,Mercedes-Benz A-klasse,81
2013-07,Volkswagen ,Volkswagen Golf,587
2013-07,Mazda ,Mazda CX-5,502
2013-07,Toyota ,Toyota Yaris,441
2013-07,Toyota ,Toyota Rav4,423
2013-07,Volvo ,Volvo V40,329
2013-07,Nissan ,Nissan Qashqai,289
2013-07,Nissan ,Nissan Leaf,268
2013-07,Toyota ,Toyota Auris,257
2013-07,Skoda ,Skoda Octavia,236
2013-07,Volvo ,Volvo V70,233
2013-07,Ford ,Ford Focus,232
2013-07,Mitsubishi ,Mitsubishi Outlander,228
2013-07,Volkswagen ,Volkswagen Tiguan,228
2013-07,Volkswagen ,Volkswagen Passat,222
2013-07,Toyota ,Toyota Avensis,222
2013-07,Audi ,Audi A3,222
2013-07,Audi ,Audi A4,185
2013-07,Volkswagen ,Volkswagen Polo,178
2013-07,Volvo ,Volvo V60,164
2013-07,Ford ,Ford Mondeo,161
2013-07,Ford ,Ford Kuga,158
2013-07,Volvo ,Volvo XC60,155
2013-07,BMW ,BMW 3-serie,143
2013-07,Toyota ,Toyota Prius,142
2013-07,Volkswagen ,Volkswagen up!,142
2013-07,Kia ,Kia Sportage,136
2013-07,Hyundai ,Hyundai i20,133
2013-07,BMW ,BMW 1-serie,121
2013-07,Mercedes-Benz ,Mercedes-Benz A-klasse,112
2013-07,Skoda ,Skoda Superb,112
2013-07,Honda ,Honda CR-V,76
2013-08,Volkswagen ,Volkswagen Golf,514
2013-08,Mazda ,Mazda CX-5,506
2013-08,Toyota ,Toyota Auris,459
2013-08,Nissan ,Nissan Leaf,448
2013-08,Toyota ,Toyota Yaris,426
2013-08,Toyota ,Toyota Rav4,368
2013-08,Skoda ,Skoda Octavia,324
2013-08,Volkswagen ,Volkswagen Tiguan,272
2013-08,Ford ,Ford Focus,258
2013-08,Volkswagen ,Volkswagen Passat,226
2013-08,Volvo ,Volvo V40,217
2013-08,Audi ,Audi A3,213
2013-08,Nissan ,Nissan Qashqai,200
2013-08,Mitsubishi ,Mitsubishi Outlander,188
2013-08,Toyota ,Toyota Avensis,157
2013-08,Mercedes-Benz ,Mercedes-Benz A-klasse,148
2013-08,Volvo ,Volvo V70,141
2013-08,Audi ,Audi A4,135
2013-08,Honda ,Honda CR-V,121
2013-08,Volvo ,Volvo V60,109
2013-09,Tesla ,Tesla Model S,616
2013-09,Volkswagen ,Volkswagen Golf,561
2013-09,Toyota ,Toyota Auris,511
2013-09,Skoda ,Skoda Octavia,444
2013-09,Mazda ,Mazda CX-5,421
2013-09,Volvo ,Volvo V40,373
2013-09,Nissan ,Nissan Leaf,349
2013-09,Toyota ,Toyota Rav4,312
2013-09,Toyota ,Toyota Yaris,297
2013-09,Volkswagen ,Volkswagen Tiguan,294
2013-09,Volvo ,Volvo V70,272
2013-09,Ford ,Ford Focus,251
2013-09,Volkswagen ,Volkswagen Passat,250
2013-09,Volvo ,Volvo XC60,214
2013-09,BMW ,BMW 3-serie,213
2013-09,Volvo ,Volvo V60,200
2013-09,Audi ,Audi A3,196
2013-09,Kia ,Kia Sportage,196
2013-09,Toyota ,Toyota Avensis,188
2013-09,Nissan ,Nissan Qashqai,183
2013-09,Mitsubishi ,Mitsubishi Outlander,165
2013-09,Audi ,Audi A4,148
2013-09,Peugeot ,Peugeot 208,143
2013-09,Volkswagen ,Volkswagen Polo,139
2013-09,BMW ,BMW X3,138
2013-09,Ford ,Ford Mondeo,133
2013-09,Suzuki ,Suzuki SX4,132
2013-09,BMW ,BMW 1-serie,131
2013-09,Toyota ,Toyota Prius,118
2013-09,Hyundai ,Hyundai i20,112
2013-09,Mercedes-Benz ,Mercedes-Benz A-klasse,107
2013-10,Nissan ,Nissan Leaf,716
2013-10,Toyota ,Toyota Auris,679
2013-10,Volkswagen ,Volkswagen Golf,646
2013-10,Skoda ,Skoda Octavia,540
2013-10,Toyota ,Toyota Yaris,446
2013-10,Volvo ,Volvo V40,319
2013-10,Toyota ,Toyota Rav4,300
2013-10,Mazda ,Mazda CX-5,299
2013-10,Volvo ,Volvo V70,291
2013-10,Ford ,Ford Focus,257
2013-10,Nissan ,Nissan Qashqai,240
2013-10,Volkswagen ,Volkswagen Passat,239
2013-10,Volkswagen ,Volkswagen Tiguan,223
2013-10,Volvo ,Volvo V60,221
2013-10,Audi ,Audi A3,202
2013-10,Mitsubishi ,Mitsubishi Outlander,177
2013-10,Toyota ,Toyota Avensis,176
2013-10,Audi ,Audi A4,170
2013-10,Mercedes-Benz ,Mercedes-Benz A-klasse,121
2013-10,BMW ,BMW 3-serie,114
2013-11,Volkswagen ,Volkswagen Golf,666
2013-11,Toyota ,Toyota Auris,525
2013-11,Skoda ,Skoda Octavia,524
2013-11,Nissan ,Nissan Leaf,512
2013-11,Toyota ,Toyota Yaris,383
2013-11,Volvo ,Volvo V70,306
2013-11,Volvo ,Volvo V40,260
2013-11,Toyota ,Toyota Rav4,259
2013-11,Mazda ,Mazda CX-5,250
2013-11,Volkswagen ,Volkswagen Passat,243
2013-11,Volvo ,Volvo V60,220
2013-11,Ford ,Ford Focus,203
2013-11,Volkswagen ,Volkswagen Tiguan,181
2013-11,Mercedes-Benz ,Mercedes-Benz A-klasse,151
2013-11,Audi ,Audi A3,147
2013-11,Mitsubishi ,Mitsubishi Outlander,145
2013-11,BMW ,BMW 3-serie,141
2013-11,Nissan ,Nissan Qashqai,131
2013-11,Audi ,Audi A4,122
2013-11,Toyota ,Toyota Avensis,102
2013-12,Tesla ,Tesla Model S,553
2013-12,Volvo ,Volvo V40,542
2013-12,Volvo ,Volvo V70,542
2013-12,Skoda ,Skoda Octavia,510
2013-12,Volkswagen ,Volkswagen Golf,461
2013-12,Volvo ,Volvo V60,416
2013-12,Volkswagen ,Volkswagen up!,368
2013-12,Volvo ,Volvo XC60,350
2013-12,Nissan ,Nissan Leaf,337
2013-12,Toyota ,Toyota Auris,311
2013-12,Mercedes-Benz ,Mercedes-Benz A-klasse,215
2013-12,Toyota ,Toyota Yaris,211
2013-12,Suzuki ,Suzuki SX4,211
2013-12,Volkswagen ,Volkswagen Tiguan,202
2013-12,Mazda ,Mazda CX-5,187
2013-12,Toyota ,Toyota RAV4,185
2013-12,Ford ,Ford Focus,179
2013-12,Volkswagen ,Volkswagen Passat,179
2013-12,Honda ,Honda CR-V,178
2013-12,Ford ,Ford Kuga,174
2013-12,Audi ,Audi A3,170
2013-12,Opel ,Opel Mokka,155
2013-12,Mitsubishi ,Mitsubishi ASX,155
2013-12,Kia ,Kia Sportage,154
2013-12,Mitsubishi ,Mitsubishi Outlander,150
2013-12,Subaru ,Subaru Forester,134
2013-12,Volkswagen ,Volkswagen Polo,132
2013-12,Ford ,Ford Mondeo,117
2013-12,Ford ,Ford Fiesta,111
2013-12,Mercedes-Benz ,Mercedes-Benz E-klasse,106
2013-12,Audi ,Audi A4,103
2013-12,Ford ,Ford S-Max,101
2013-12,BMW ,BMW 3-serie,97
2013-12,Nissan ,Nissan Qashqai,96
2013-12,Mercedes-Benz ,Mercedes-Benz B-klasse,86
2013-12,BMW ,BMW X3,83
2013-12,BMW ,BMW 1-serie,83
2013-12,Opel ,Opel Insignia,78
2013-12,Peugeot ,Peugeot 2008,72
2013-12,Hyundai ,Hyundai ix35,70
2013-12,BMW ,BMW X1,65
2013-12,Skoda ,Skoda Yeti,65
2013-12,Skoda ,Skoda Superb,64
2013-12,Mercedes-Benz ,Mercedes-Benz GLK,64
2013-12,Mercedes-Benz ,Mercedes-Benz C-klasse,63
2013-12,Skoda ,Skoda Rapid,63
2013-12,Mercedes-Benz ,Mercedes-Benz CLA,61
2013-12,Kia ,Kia cee'd,59
2013-12,Audi ,Audi Q3,59
2013-12,Toyota ,Toyota Avensis,58
2014-01,Nissan ,Nissan Leaf,650
2014-01,Toyota ,Toyota Auris,563
2014-01,Volkswagen ,Volkswagen Golf,465
2014-01,Mazda ,Mazda CX-5,406
2014-01,Skoda ,Skoda Octavia,378
2014-01,Toyota ,Toyota Yaris,351
2014-01,Suzuki ,Suzuki SX4,314
2014-01,Toyota ,Toyota Rav4,282
2014-01,BMW ,BMW 3-serie,235
2014-01,Volkswagen ,Volkswagen Tiguan,231
2014-01,Volkswagen ,Volkswagen up!,218
2014-01,Volkswagen ,Volkswagen Passat,207
2014-01,BMW ,BMW X3,186
2014-01,Peugeot ,Peugeot 2008,183
2014-01,Mitsubishi ,Mitsubishi Outlander,174
2014-01,Volvo ,Volvo XC60,174
2014-01,Volvo ,Volvo V70,166
2014-01,Peugeot ,Peugeot 308,160
2014-01,Ford ,Ford Kuga,152
2014-01,Audi ,Audi A3,151
2014-02,Volkswagen ,Volkswagen Golf,488
2014-02,Nissan ,Nissan Leaf,484
2014-02,Toyota ,Toyota Auris,453
2014-02,Tesla ,Tesla Model S,431
2014-02,Toyota ,Toyota Rav4,342
2014-02,Toyota ,Toyota Yaris,314
2014-02,Skoda ,Skoda Octavia,308
2014-02,Nissan ,Nissan Qashqai,292
2014-02,Volkswagen ,Volkswagen up!,265
2014-02,Mitsubishi ,Mitsubishi Outlander,238
2014-02,Mazda ,Mazda CX-5,214
2014-02,Volkswagen ,Volkswagen Passat,211
2014-02,Suzuki ,Suzuki SX4,209
2014-02,Volvo ,Volvo V40,209
2014-02,Volkswagen ,Volkswagen Tiguan,194
2014-02,Volvo ,Volvo V70,194
2014-02,Peugeot ,Peugeot 2008,184
2014-02,BMW ,BMW 3-serie,182
2014-02,Volvo ,Volvo XC60,163
2014-02,BMW ,BMW X3,147
2014-03,Tesla ,Tesla Model S,1493
2014-03,Volkswagen ,Volkswagen Golf,624
2014-03,Toyota ,Toyota Auris,472
2014-03,Volkswagen ,Volkswagen up!,444
2014-03,Nissan ,Nissan Leaf,425
2014-03,Nissan ,Nissan Qashqai,403
2014-03,Mazda ,Mazda CX-5,389
2014-03,Toyota ,Toyota Rav4,369
2014-03,Mitsubishi ,Mitsubishi Outlander,341
2014-03,BMW ,BMW i3,336
2014-03,Toyota ,Toyota Yaris,304
2014-03,Skoda ,Skoda Octavia,301
2014-03,Volvo ,Volvo V40,267
2014-03,Volvo ,Volvo V70,233
2014-03,Volvo ,Volvo XC60,223
2014-03,BMW ,BMW 3-serie,220
2014-03,Audi ,Audi A3,201
2014-03,Volkswagen ,Volkswagen Tiguan,193
2014-03,Volkswagen ,Volkswagen Passat,190
2014-03,Suzuki ,Suzuki SX4,168
2014-04,Volkswagen ,Volkswagen Golf,766
2014-04,Nissan ,Nissan Leaf,451
2014-04,Toyota ,Toyota Auris,418
2014-04,Skoda ,Skoda Octavia,398
2014-04,Volkswagen ,Volkswagen up!,348
2014-04,Nissan ,Nissan Qashqai,334
2014-04,Mitsubishi ,Mitsubishi Outlander,311
2014-04,Volkswagen ,Volkswagen Passat,290
2014-04,Volkswagen ,Volkswagen Tiguan,278
2014-04,Toyota ,Toyota Rav4,274
2014-04,Toyota ,Toyota Yaris,268
2014-04,Ford ,Ford Focus,266
2014-04,Volvo ,Volvo V40,258
2014-04,Audi ,Audi A3,240
2014-04,BMW ,BMW i3,236
2014-04,Mazda ,Mazda CX-5,229
2014-04,Volvo ,Volvo V70,220
2014-04,BMW ,BMW 3-serie,216
2014-04,Tesla ,Tesla Model S,171
2014-04,Suzuki ,Suzuki SX4,165
2014-05,Volkswagen ,Volkswagen Golf,565
2014-05,Volkswagen ,Volkswagen up!,465
2014-05,Skoda ,Skoda Octavia,412
2014-05,Toyota ,Toyota Auris,408
2014-05,Toyota ,Toyota Yaris,378
2014-05,Tesla ,Tesla Model S,371
2014-05,Mazda ,Mazda CX-5,366
2014-05,Nissan ,Nissan Qashqai,358
2014-05,Toyota ,Toyota Rav4,348
2014-05,Nissan ,Nissan Leaf,342
2014-05,Volvo ,Volvo V40,327
2014-05,Mitsubishi ,Mitsubishi Outlander,248
2014-05,Audi ,Audi A3,219
2014-05,Volkswagen ,Volkswagen Passat,206
2014-05,Volvo ,Volvo V70,192
2014-05,Volkswagen ,Volkswagen Tiguan,188
2014-05,BMW ,BMW 3-serie,165
2014-05,Suzuki ,Suzuki SX4,163
2014-05,Ford ,Ford Focus,159
2014-05,BMW ,BMW i3,131
2014-06,Volkswagen ,Volkswagen Golf,723
2014-06,Tesla ,Tesla Model S,536
2014-06,Toyota ,Toyota Auris,399
2014-06,Skoda ,Skoda Octavia,381
2014-06,Toyota ,Toyota Yaris,331
2014-06,Nissan ,Nissan Leaf,313
2014-06,Toyota ,Toyota Rav4,308
2014-06,Mazda ,Mazda CX-5,283
2014-06,Volvo ,Volvo V40,275
2014-06,Volkswagen ,Volkswagen up!,251
2014-06,Ford ,Ford Focus,239
2014-06,Mitsubishi ,Mitsubishi Outlander,211
2014-06,Nissan ,Nissan Qashqai,208
2014-06,Audi ,Audi A3,196
2014-06,Volkswagen ,Volkswagen Passat,195
2014-06,Volvo ,Volvo V70,193
2014-06,BMW ,BMW i3,146
2014-06,Volkswagen ,Volkswagen Tiguan,138
2014-06,Suzuki ,Suzuki SX4,135
2014-06,BMW ,BMW 3-serie,123
2014-07,Volkswagen ,Volkswagen Golf,1136
2014-07,Toyota ,Toyota Auris,456
2014-07,Volkswagen ,Volkswagen up!,338
2014-07,Skoda ,Skoda Octavia,336
2014-07,Mazda ,Mazda CX-5,323
2014-07,Toyota ,Toyota Rav4,319
2014-07,Nissan ,Nissan Leaf,313
2014-07,Volvo ,Volvo V40,304
2014-07,Toyota ,Toyota Yaris,289
2014-07,Nissan ,Nissan Qashqai,259
2014-07,Volvo ,Volvo V70,252
2014-07,Audi ,Audi A3,222
2014-07,Volkswagen ,Volkswagen Tiguan,218
2014-07,Mitsubishi ,Mitsubishi Outlander,217
2014-07,Volkswagen ,Volkswagen Passat,188
2014-07,Suzuki ,Suzuki SX4,174
2014-07,Ford ,Ford Focus,150
2014-07,BMW ,BMW 3-serie,141
2014-07,BMW ,BMW i3,124
2014-07,Tesla ,Tesla Model S,114
2014-08,Volkswagen ,Volkswagen Golf,1075
2014-08,Toyota ,Toyota Auris,461
2014-08,Nissan ,Nissan Leaf,400
2014-08,Volkswagen ,Volkswagen up!,364
2014-08,Mazda ,Mazda CX-5,360
2014-08,Skoda ,Skoda Octavia,354
2014-08,Toyota ,Toyota Rav4,301
2014-08,Mitsubishi ,Mitsubishi Outlander,280
2014-08,Toyota ,Toyota Yaris,204
2014-08,BMW ,BMW i3,202
2014-08,Audi ,Audi A3,200
2014-08,Nissan ,Nissan Qashqai,199
2014-08,Volvo ,Volvo V70,197
2014-08,Tesla ,Tesla Model S,183
2014-08,Volvo ,Volvo V40,176
2014-08,Volkswagen ,Volkswagen Passat,169
2014-08,Volkswagen ,Volkswagen Tiguan,167
2014-08,Ford ,Ford Focus,144
2014-08,Suzuki ,Suzuki SX4,142
2014-08,BMW ,BMW 3-serie,139
2014-09,Volkswagen ,Volkswagen Golf,939
2014-09,Toyota ,Toyota Auris,537
2014-09,Nissan ,Nissan Leaf,367
2014-09,Mazda ,Mazda CX-5,361
2014-09,Mitsubishi ,Mitsubishi Outlander,346
2014-09,Toyota ,Toyota Yaris,339
2014-09,Skoda ,Skoda Octavia,323
2014-09,Toyota ,Toyota Rav4,294
2014-09,Volkswagen ,Volkswagen up!,289
2014-09,Volvo ,Volvo V40,272
2014-09,Volvo ,Volvo V70,266
2014-09,Suzuki ,Suzuki SX4,196
2014-09,Nissan ,Nissan Qashqai,189
2014-09,Ford ,Ford Focus,161
2014-09,BMW ,BMW i3,149
2014-09,Audi ,Audi A3,146
2014-09,Volkswagen ,Volkswagen Passat,143
2014-09,BMW ,BMW 3-serie,108
2014-09,Tesla ,Tesla Model S,104
2014-09,Volkswagen ,Volkswagen Tiguan,99
2014-10,Volkswagen ,Volkswagen Golf,1038
2014-10,Skoda ,Skoda Octavia,483
2014-10,Toyota ,Toyota Auris,480
2014-10,Toyota ,Toyota Yaris,440
2014-10,Nissan ,Nissan Leaf,372
2014-10,Volvo ,Volvo V70,343
2014-10,Volvo ,Volvo V40,337
2014-10,Mazda ,Mazda CX-5,331
2014-10,Volkswagen ,Volkswagen up!,326
2014-10,Nissan ,Nissan Qashqai,296
2014-10,Toyota ,Toyota Rav4,279
2014-10,Peugeot ,Peugeot 308,260
2014-10,Mitsubishi ,Mitsubishi Outlander,229
2014-10,Volkswagen ,Volkswagen Tiguan,227
2014-10,Audi ,Audi A3,221
2014-10,Suzuki ,Suzuki SX4,208
2014-10,Volkswagen ,Volkswagen Passat,169
2014-10,Ford ,Ford Focus,139
2014-10,BMW ,BMW i3,130
2014-10,Tesla ,Tesla Model S,36
2014-11,Volkswagen ,Volkswagen Golf,870
2014-11,Toyota ,Toyota Auris,381
2014-11,Mazda ,Mazda CX-5,368
2014-11,Skoda ,Skoda Octavia,361
2014-11,Toyota ,Toyota Yaris,361
2014-11,Nissan ,Nissan Leaf,311
2014-11,Toyota ,Toyota Rav4,294
2014-11,Volvo ,Volvo V40,287
2014-11,Volkswagen ,Volkswagen up!,283
2014-11,Volvo ,Volvo V70,283
2014-11,Mitsubishi ,Mitsubishi Outlander,230
2014-11,Ford ,Ford Focus,219
2014-11,Volvo ,Volvo XC60,215
2014-11,Volkswagen ,Volkswagen Tiguan,212
2014-11,Tesla ,Tesla Model S,202
2014-11,Nissan ,Nissan Qashqai,191
2014-11,Volkswagen ,Volkswagen Passat,167
2014-11,Audi ,Audi A3,157
2014-11,BMW ,BMW i3,156
2014-11,Suzuki ,Suzuki SX4,150
2014-12,Volkswagen ,Volkswagen Golf,990
2014-12,Volvo ,Volvo V70,562
2014-12,Volvo ,Volvo V40,535
2014-12,Volvo ,Volvo XC60,524
2014-12,Skoda ,Skoda Octavia,392
2014-12,Toyota ,Toyota Auris,357
2014-12,Nissan ,Nissan Leaf,353
2014-12,Volkswagen ,Volkswagen Passat,324
2014-12,Toyota ,Toyota Yaris,312
2014-12,Tesla ,Tesla Model S,267
2014-12,Mazda ,Mazda CX-5,216
2014-12,Volkswagen ,Volkswagen up!,216
2014-12,Peugeot ,Peugeot 308,206
2014-12,Audi ,Audi A3,205
2014-12,Toyota ,Toyota Rav4,204
2014-12,Volkswagen ,Volkswagen Tiguan,195
2014-12,Ford ,Ford Focus,190
2014-12,Mitsubishi ,Mitsubishi Outlander,163
2014-12,Nissan ,Nissan Qashqai,146
2014-12,Suzuki ,Suzuki SX4,121
2015-01,Volkswagen ,Volkswagen Golf,1313
2015-01,Volkswagen ,Volkswagen Golf,1199
2015-01,Toyota ,Toyota Rav4,535
2015-01,Toyota ,Toyota Yaris,328
2015-01,Mitsubishi ,Mitsubishi Outlander,326
2015-01,Nissan ,Nissan Qashqai,315
2015-01,Toyota ,Toyota Auris,313
2015-01,Nissan ,Nissan Leaf,309
2015-01,Skoda ,Skoda Octavia,289
2015-01,Volkswagen ,Volkswagen Passat,254
2015-01,Mazda ,Mazda CX-5,252
2015-01,Hyundai ,Hyundai i20,217
2015-01,Volkswagen ,Volkswagen up!,194
2015-01,Mercedes-Benz ,Mercedes-Benz C-klasse,178
2015-01,Suzuki ,Suzuki SX4,170
2015-01,Ford ,Ford Kuga,147
2015-01,Ford ,Ford Focus,143
2015-01,Ford ,Ford Mondeo,124
2015-01,Audi ,Audi A3,119
2015-01,Volkswagen ,Volkswagen Tiguan,118
2015-01,Nissan ,Nissan X-Trail,116
2015-02,Toyota ,Toyota Rav4,450
2015-02,Toyota ,Toyota Auris,365
2015-02,Skoda ,Skoda Octavia,362
2015-02,Toyota ,Toyota Yaris,338
2015-02,Tesla ,Tesla Model S,321
2015-02,Nissan ,Nissan Qashqai,247
2015-02,Nissan ,Nissan Leaf,247
2015-02,Audi ,Audi A3,207
2015-02,Volkswagen ,Volkswagen Passat,204
2015-02,Volkswagen ,Volkswagen up!,194
2015-02,Suzuki ,Suzuki SX4,185
2015-02,Mazda ,Mazda CX-5,180
2015-02,Mercedes-Benz ,Mercedes-Benz C-klasse,172
2015-02,Nissan ,Nissan X-Trail,163
2015-02,Ford ,Ford Mondeo,162
2015-02,Mitsubishi ,Mitsubishi Outlander,157
2015-02,Ford ,Ford Focus,157
2015-02,Ford ,Ford Kuga,133
2015-02,Hyundai ,Hyundai i20,76
2015-03,Volkswagen ,Volkswagen Golf,1421
2015-03,Tesla ,Tesla Model S,1140
2015-03,Nissan ,Nissan Leaf,526
2015-03,Toyota ,Toyota Auris,486
2015-03,Skoda ,Skoda Octavia,411
2015-03,Toyota ,Toyota Rav4,385
2015-03,Toyota ,Toyota Yaris,379
2015-03,Ford ,Ford Mondeo,284
2015-03,Audi ,Audi A3,281
2015-03,Nissan ,Nissan Qashqai,272
2015-03,Volvo ,Volvo XC60,244
2015-03,Volvo ,Volvo V70,232
2015-03,Volkswagen ,Volkswagen Passat,229
2015-03,Renault ,Renault Zoe,228
2015-03,Volkswagen ,Volkswagen up!,217
2015-03,Mitsubishi ,Mitsubishi Outlander,204
2015-03,Suzuki ,Suzuki SX4,187
2015-03,Mazda ,Mazda CX-5,180
2015-03,Ford ,Ford Focus,180
2015-03,Peugeot ,Peugeot 308,168
2015-03,BMW ,BMW X3,159
2015-03,BMW ,BMW 3-serie,154
2015-03,Kia ,Kia Sportage,141
2015-03,Volkswagen ,Volkswagen Polo,139
2015-03,Mercedes-Benz ,Mercedes-Benz C-klasse,133
2015-03,Ford ,Ford Fiesta,125
2015-03,Ford ,Ford Kuga,119
2015-03,BMW ,BMW i3,109
2015-03,Hyundai ,Hyundai i20,106
2015-03,Toyota ,Toyota Prius,99
2015-03,Toyota ,Toyota Avensis,98
2015-03,Mercedes-Benz ,Mercedes-Benz B-klasse,91
2015-03,Volvo ,Volvo V60,70
2015-03,Ford ,Ford S-Max,61
2015-03,Suzuki ,Suzuki Vitara,60
2015-03,Skoda ,Skoda Superb,55
2015-03,BMW ,BMW X1,48
2015-03,Opel ,Opel Astra,31
2015-03,BMW ,BMW X5,29
2015-04,Volkswagen ,Volkswagen Golf,1595
2015-04,Toyota ,Toyota Auris,509
2015-04,Skoda ,Skoda Octavia,460
2015-04,Mazda ,Mazda CX-5,355
2015-04,Volkswagen ,Volkswagen Passat,354
2015-04,Toyota ,Toyota Yaris,330
2015-04,Audi ,Audi A3,327
2015-04,Toyota ,Toyota Rav4,302
2015-04,Mitsubishi ,Mitsubishi Outlander,280
2015-04,Tesla ,Tesla Model S,230
2015-04,Volvo ,Volvo V70,221
2015-04,Ford ,Ford Mondeo,221
2015-04,Volkswagen ,Volkswagen up!,210
2015-04,Ford ,Ford Focus,193
2015-04,Volvo ,Volvo V40,189
2015-04,Volkswagen ,Volkswagen Polo,183
2015-04,Peugeot ,Peugeot 308,181
2015-04,Mercedes-Benz ,Mercedes-Benz B-klasse,178
2015-04,Volvo ,Volvo XC60,174
2015-04,Nissan ,Nissan Leaf,167
2015-04,Mercedes-Benz ,Mercedes-Benz C-klasse,166
2015-04,BMW ,BMW X3,157
2015-04,Renault ,Renault Zoe,154
2015-04,Nissan ,Nissan Qashqai,147
2015-04,Kia ,Kia Sportage,137
2015-04,Volvo ,Volvo V60,128
2015-04,BMW ,BMW i3,102
2015-04,Ford ,Ford Fiesta,92
2015-04,BMW ,BMW 3-serie,91
2015-04,Toyota ,Toyota Prius,72
2015-04,Ford ,Ford Kuga,72
2015-04,Skoda ,Skoda Superb,61
2015-04,Suzuki ,Suzuki Vitara,58
2015-04,BMW ,BMW 2-serie,48
2015-04,Mercedes-Benz ,Mercedes-Benz E-klasse,48
2015-04,BMW ,BMW X1,32
2015-04,Opel ,Opel Astra,30
2015-04,Ford ,Ford S-Max,29
2015-04,Toyota ,Toyota Avensis,25
2015-04,BMW ,BMW X5,23
2015-05,Volkswagen ,Volkswagen Golf,1323
2015-05,Mitsubishi ,Mitsubishi Outlander,399
2015-05,Toyota ,Toyota Yaris,371
2015-05,Toyota ,Toyota Auris,352
2015-05,Tesla ,Tesla Model S,346
2015-05,Skoda ,Skoda Octavia,329
2015-05,Audi ,Audi A3,303
2015-05,Toyota ,Toyota Rav4,296
2015-05,Mazda ,Mazda CX-5,286
2015-05,Volvo ,Volvo V70,272
2015-05,Ford ,Ford Focus,242
2015-05,Volkswagen ,Volkswagen Passat,236
2015-05,Ford ,Ford Mondeo,232
2015-05,Volvo ,Volvo V40,211
2015-05,Peugeot ,Peugeot 308,196
2015-05,Nissan ,Nissan Qashqai,188
2015-05,Nissan ,Nissan Leaf,176
2015-05,Volvo ,Volvo XC60,152
2015-05,Mercedes-Benz ,Mercedes-Benz C-klasse,144
2015-05,Volkswagen ,Volkswagen up!,130
2015-06,Volkswagen ,Volkswagen Golf,1626
2015-06,Tesla ,Tesla Model S,566
2015-06,Mitsubishi ,Mitsubishi Outlander,487
2015-06,Renault ,Renault Zoe,431
2015-06,Toyota ,Toyota Yaris,371
2015-06,Toyota ,Toyota Rav4,368
2015-06,Skoda ,Skoda Octavia,358
2015-06,Mazda ,Mazda CX-5,358
2015-06,Toyota ,Toyota Auris,336
2015-06,Volkswagen ,Volkswagen Passat,308
2015-06,Nissan ,Nissan Qashqai,307
2015-06,Audi ,Audi A3,292
2015-06,Volvo ,Volvo V70,290
2015-06,Ford ,Ford Mondeo,221
2015-06,Peugeot ,Peugeot 308,203
2015-06,Nissan ,Nissan Leaf,186
2015-06,Volkswagen ,Volkswagen up!,180
2015-06,Ford ,Ford Focus,174
2015-06,Volvo ,Volvo XC60,164
2015-06,Mercedes-Benz ,Mercedes-Benz C-klasse,142
2015-07,Volkswagen ,Volkswagen Golf,1542
2015-07,Toyota ,Toyota Yaris,401
2015-07,Nissan ,Nissan Qashqai,385
2015-07,Toyota ,Toyota Rav4,383
2015-07,Volkswagen ,Volkswagen Passat,356
2015-07,Skoda ,Skoda Octavia,343
2015-07,Audi ,Audi A3,321
2015-07,Toyota ,Toyota Auris,294
2015-07,Mercedes-Benz ,Mercedes-Benz B-klasse,263
2015-07,Volvo ,Volvo V70,251
2015-07,Mazda ,Mazda CX-5,248
2015-07,Nissan ,Nissan Leaf,239
2015-07,Tesla ,Tesla Model S,222
2015-07,Ford ,Ford Mondeo,193
2015-07,Peugeot ,Peugeot 308,174
2015-07,Ford ,Ford Focus,157
2015-07,Mitsubishi ,Mitsubishi Outlander,126
2015-07,Volvo ,Volvo XC60,117
2015-07,Volkswagen ,Volkswagen up!,114
2015-07,Renault ,Renault Zoe,24
2015-08,Volkswagen ,Volkswagen Golf,1414
2015-08,Toyota ,Toyota Auris,412
2015-08,Skoda ,Skoda Octavia,372
2015-08,Toyota ,Toyota Yaris,338
2015-08,Nissan ,Nissan Leaf,338
2015-08,Toyota ,Toyota Rav4,314
2015-08,Ford ,Ford Mondeo,303
2015-08,Volkswagen ,Volkswagen Passat,240
2015-08,Mazda ,Mazda CX-5,225
2015-08,Tesla ,Tesla Model S,220
2015-08,Mercedes-Benz ,Mercedes-Benz B-klasse,220
2015-08,Nissan ,Nissan Qashqai,198
2015-08,Audi ,Audi A3,198
2015-08,Volkswagen ,Volkswagen up!,190
2015-08,Ford ,Ford Focus,183
2015-08,Volvo ,Volvo V70,162
2015-08,Peugeot ,Peugeot 308,145
2015-08,Mercedes-Benz ,Mercedes-Benz C-klasse,126
2015-08,Volvo ,Volvo XC60,95
2015-08,Mitsubishi ,Mitsubishi Outlander,88
2015-09,Volkswagen ,Volkswagen Golf,1102
2015-09,Toyota ,Toyota Auris,535
2015-09,Nissan ,Nissan Leaf,492
2015-09,Toyota ,Toyota Yaris,364
2015-09,Toyota ,Toyota Rav4,314
2015-09,Skoda ,Skoda Octavia,311
2015-09,BMW ,BMW i3,266
2015-09,Mazda ,Mazda CX-5,256
2015-09,Nissan ,Nissan Qashqai,246
2015-09,Volvo ,Volvo V70,238
2015-09,Mitsubishi ,Mitsubishi Outlander,222
2015-09,Ford ,Ford Mondeo,185
2015-09,Volkswagen ,Volkswagen Passat,184
2015-09,Volkswagen ,Volkswagen up!,180
2015-09,Volvo ,Volvo XC60,169
2015-09,Ford ,Ford Focus,168
2015-09,Mercedes-Benz ,Mercedes-Benz B-klasse,153
2015-09,Audi ,Audi A3,148
2015-09,Tesla ,Tesla Model S,127
2015-09,Peugeot ,Peugeot 308,112
2015-10,Volkswagen ,Volkswagen Golf,1368
2015-10,Toyota ,Toyota Auris,574
2015-10,Mitsubishi ,Mitsubishi Outlander,527
2015-10,Skoda ,Skoda Octavia,386
2015-10,Toyota ,Toyota Yaris,379
2015-10,Nissan ,Nissan Leaf,355
2015-10,BMW ,BMW i3,326
2015-10,Volvo ,Volvo V70,314
2015-10,Volkswagen ,Volkswagen Passat,286
2015-10,Mazda ,Mazda CX-5,281
2015-10,Toyota ,Toyota Rav4,232
2015-10,Nissan ,Nissan Qashqai,222
2015-10,Tesla ,Tesla Model S,198
2015-10,Audi ,Audi A3,192
2015-10,Peugeot ,Peugeot 308,170
2015-10,Volvo ,Volvo XC60,166
2015-10,Ford ,Ford Mondeo,156
2015-10,Ford ,Ford Focus,150
2015-10,Volkswagen ,Volkswagen up!,137
2015-10,Mercedes-Benz ,Mercedes-Benz B-klasse,108
2015-11,Volkswagen ,Volkswagen Golf,1435
2015-11,Mitsubishi ,Mitsubishi Outlander,578
2015-11,Toyota ,Toyota Auris,450
2015-11,Volkswagen ,Volkswagen Passat,358
2015-11,Toyota ,Toyota Yaris,334
2015-11,Skoda ,Skoda Octavia,310
2015-11,Volvo ,Volvo XC60,299
2015-11,BMW ,BMW i3,293
2015-11,Ford ,Ford Mondeo,282
2015-11,Mazda ,Mazda CX-5,262
2015-11,Volvo ,Volvo V70,238
2015-11,Tesla ,Tesla Model S,225
2015-11,Audi ,Audi A3,209
2015-11,Nissan ,Nissan Qashqai,162
2015-11,Volkswagen ,Volkswagen up!,147
2015-11,Mercedes-Benz ,Mercedes-Benz B-klasse,141
2015-11,Peugeot ,Peugeot 308,136
2015-11,Nissan ,Nissan Leaf,135
2015-11,Ford ,Ford Focus,103
2015-11,Toyota ,Toyota Rav4,102
2015-12,Volkswagen ,Volkswagen Golf,1050
2015-12,Mitsubishi ,Mitsubishi Outlander,561
2015-12,BMW ,BMW i3,415
2015-12,Volvo ,Volvo XC60,408
2015-12,Volvo ,Volvo V70,393
2015-12,Tesla ,Tesla Model S,373
2015-12,Skoda ,Skoda Octavia,349
2015-12,Mazda ,Mazda CX-5,285
2015-12,Toyota ,Toyota Yaris,281
2015-12,Toyota ,Toyota Auris,264
2015-12,Volvo ,Volvo V60,251
2015-12,Volkswagen ,Volkswagen Passat,198
2015-12,Ford ,Ford Mondeo,186
2015-12,Audi ,Audi A3,179
2015-12,Ford ,Ford Focus,162
2015-12,Mercedes-Benz ,Mercedes-Benz B-klasse,159
2015-12,Volkswagen ,Volkswagen up!,146
2015-12,Nissan ,Nissan Qashqai,119
2015-12,Toyota ,Toyota Rav4,74
2015-12,Nissan ,Nissan Leaf,19
2016-01,Volkswagen ,Volkswagen Golf,998
2016-01,Toyota ,Toyota Rav4,328
2016-01,Toyota ,Toyota Yaris,317
2016-01,Toyota ,Toyota Auris,300
2016-01,BMW ,BMW i3,294
2016-01,Nissan ,Nissan Leaf,284
2016-01,Mazda ,Mazda CX-3,269
2016-01,Volkswagen ,Volkswagen Passat,236
2016-01,Audi ,Audi A3,233
2016-01,Mazda ,Mazda CX-5,223
2016-01,Suzuki ,Suzuki Vitara,219
2016-01,Volvo ,Volvo XC90,215
2016-01,Skoda ,Skoda Octavia,213
2016-01,Ford ,Ford Mondeo,211
2016-01,Renault ,Renault Zoe,197
2016-01,Nissan ,Nissan Qashqai,196
2016-01,Skoda ,Skoda Superb,186
2016-01,Peugeot ,Peugeot 308,176
2016-01,BMW ,BMW X5,170
2016-01,Volkswagen ,Volkswagen up!,165
2016-01,Volvo ,Volvo V60,159
2016-01,Mercedes-Benz ,Mercedes-Benz C-klasse,159
2016-01,Ford ,Ford S-Max,153
2016-01,Mitsubishi ,Mitsubishi Outlander,145
2016-01,Volkswagen ,Volkswagen Polo,144
2016-01,Ford ,Ford Focus,141
2016-01,BMW ,BMW X3,141
2016-01,Audi ,Audi A4,128
2016-01,BMW ,BMW 3-serie,123
2016-01,BMW ,BMW X1,118
2016-01,Mercedes-Benz ,Mercedes-Benz GLC,116
2016-01,Mercedes-Benz ,Mercedes-Benz B-klasse,111
2016-01,Volvo ,Volvo V70,107
2016-01,Tesla ,Tesla Model S,105
2016-01,Ford ,Ford Fiesta,101
2016-01,Ford ,Ford Kuga,96
2016-01,Volvo ,Volvo XC60,96
2016-01,Hyundai ,Hyundai Tucson,95
2016-01,Nissan ,Nissan X-Trail,91
2016-01,Opel ,Opel Astra,89
2016-01,Toyota ,Toyota Avensis,83
2016-01,Audi ,Audi A6,66
2016-01,Volkswagen ,Volkswagen Touran,65
2016-01,Skoda ,Skoda Fabia,63
2016-01,Kia ,Kia Soul,62
2016-01,Peugeot ,Peugeot 2008,60
2016-01,Toyota ,Toyota Prius,55
2016-01,Volvo ,Volvo V40,54
2016-01,Opel ,Opel Mokka,44
2016-01,Kia ,Kia Sportage,41
2016-02,Volkswagen ,Volkswagen Golf,1247
2016-02,Mitsubishi ,Mitsubishi Outlander,553
2016-02,Nissan ,Nissan Leaf,453
2016-02,Toyota ,Toyota Rav4,436
2016-02,Skoda ,Skoda Octavia,399
2016-02,Toyota ,Toyota Auris,332
2016-02,Volkswagen ,Volkswagen Passat,310
2016-02,Toyota ,Toyota Yaris,296
2016-02,Mazda ,Mazda CX-3,250
2016-02,Mazda ,Mazda CX-5,250
2016-02,Audi ,Audi A3,249
2016-02,BMW ,BMW i3,248
2016-02,Skoda ,Skoda Superb,218
2016-02,Ford ,Ford S-Max,216
2016-02,Volvo ,Volvo V70,203
2016-02,Nissan ,Nissan Qashqai,187
2016-02,Toyota ,Toyota Avensis,170
2016-02,Kia ,Kia Soul,158
2016-02,Ford ,Ford Mondeo,157
2016-02,Suzuki ,Suzuki Vitara,156
2016-02,Volvo ,Volvo V60,155
2016-02,Volvo ,Volvo XC90,151
2016-02,Peugeot ,Peugeot 308,140
2016-02,Volkswagen ,Volkswagen up!,138
2016-02,Kia ,Kia Sportage,135
2016-02,Mercedes-Benz ,Mercedes-Benz C-klasse,130
2016-02,Ford ,Ford Focus,126
2016-02,Toyota ,Toyota Prius,124
2016-02,Ford ,Ford Kuga,119
2016-02,Volvo ,Volvo XC60,118
2016-02,BMW ,BMW X1,117
2016-02,BMW ,BMW 3-serie,114
2016-02,Tesla ,Tesla Model S,113
2016-02,Nissan ,Nissan X-Trail,112
2016-02,Volkswagen ,Volkswagen Polo,111
2016-02,BMW ,BMW X5,108
2016-02,Mercedes-Benz ,Mercedes-Benz GLC,106
2016-02,Mercedes-Benz ,Mercedes-Benz B-klasse,106
2016-02,Audi ,Audi A4,102
2016-02,Opel ,Opel Mokka,93
2016-02,BMW ,BMW X3,89
2016-02,Ford ,Ford Fiesta,85
2016-02,Opel ,Opel Astra,84
2016-02,Volvo ,Volvo V40,79
2016-02,Peugeot ,Peugeot 2008,72
2016-02,Skoda ,Skoda Fabia,71
2016-02,Audi ,Audi A6,65
2016-02,Volkswagen ,Volkswagen Touran,65
2016-02,Hyundai ,Hyundai Tucson,54
2016-02,Renault ,Renault Zoe,50
2016-03,Volkswagen ,Volkswagen Golf,1414
2016-03,Mitsubishi ,Mitsubishi Outlander,739
2016-03,Nissan ,Nissan Leaf,676
2016-03,Toyota ,Toyota Auris,507
2016-03,Tesla ,Tesla Model S,487
2016-03,Volkswagen ,Volkswagen Passat,372
2016-03,Toyota ,Toyota Yaris,361
2016-03,Toyota ,Toyota Rav4,304
2016-03,Renault ,Renault Zoe,291
2016-03,Skoda ,Skoda Octavia,285
2016-03,Audi ,Audi A3,266
2016-03,BMW ,BMW 2-serie,233
2016-03,Mazda ,Mazda CX-5,231
2016-03,Volvo ,Volvo V70,214
2016-03,Toyota ,Toyota Avensis,194
2016-03,Nissan ,Nissan Qashqai,191
2016-03,Skoda ,Skoda Superb,188
2016-03,Suzuki ,Suzuki Vitara,181
2016-03,Mercedes-Benz ,Mercedes-Benz B-klasse,179
2016-03,Ford ,Ford S-Max,178
2016-03,BMW ,BMW i3,177
2016-03,Mercedes-Benz ,Mercedes-Benz C-klasse,159
2016-03,Toyota ,Toyota Prius,153
2016-03,Ford ,Ford Mondeo,153
2016-03,BMW ,BMW X5,149
2016-03,Peugeot ,Peugeot 308,142
2016-03,Kia ,Kia Sportage,141
2016-03,Volvo ,Volvo XC60,141
2016-03,Mazda ,Mazda CX-3,138
2016-03,Volvo ,Volvo V60,132
2016-03,Volvo ,Volvo XC90,128
2016-03,BMW ,BMW X1,126
2016-03,Volkswagen ,Volkswagen up!,124
2016-03,BMW ,BMW 3-serie,124
2016-03,Mercedes-Benz ,Mercedes-Benz E-klasse,123
2016-03,Volkswagen ,Volkswagen Polo,118
2016-03,Ford ,Ford Focus,118
2016-03,Ford ,Ford Fiesta,112
2016-03,BMW ,BMW X3,95
2016-03,Ford ,Ford Kuga,84
2016-03,Opel ,Opel Astra,83
2016-04,Volkswagen ,Volkswagen Golf,1713
2016-04,Volkswagen ,Volkswagen Passat,684
2016-04,Mitsubishi ,Mitsubishi Outlander,569
2016-04,Nissan ,Nissan Leaf,541
2016-04,Toyota ,Toyota Auris,428
2016-04,Skoda ,Skoda Octavia,383
2016-04,Toyota ,Toyota Yaris,362
2016-04,Toyota ,Toyota Rav4,284
2016-04,Audi ,Audi A3,275
2016-04,Volvo ,Volvo V70,232
2016-04,Renault ,Renault Zoe,230
2016-04,Volkswagen ,Volkswagen Polo,227
2016-04,BMW ,BMW i3,222
2016-04,BMW ,BMW 2-serie,205
2016-04,Mazda ,Mazda CX-3,201
2016-04,Mazda ,Mazda CX-5,197
2016-04,Toyota ,Toyota Prius,195
2016-04,Skoda ,Skoda Superb,186
2016-04,Volvo ,Volvo XC90,181
2016-04,Ford ,Ford Mondeo,171
2016-04,Peugeot ,Peugeot 308,170
2016-04,Opel ,Opel Astra,170
2016-04,BMW ,BMW X5,165
2016-04,Mercedes-Benz ,Mercedes-Benz B-klasse,156
2016-04,Suzuki ,Suzuki Vitara,154
2016-04,Volkswagen ,Volkswagen up!,153
2016-04,Toyota ,Toyota Avensis,152
2016-04,Kia ,Kia Sportage,149
2016-04,Ford ,Ford Fiesta,132
2016-04,Volvo ,Volvo XC60,131
2016-04,Nissan ,Nissan Qashqai,126
2016-04,Ford ,Ford S-Max,125
2016-04,Mercedes-Benz ,Mercedes-Benz E-klasse,120
2016-04,Ford ,Ford Focus,109
2016-04,BMW ,BMW X3,108
2016-04,Ford ,Ford Kuga,108
2016-04,Volvo ,Volvo V60,107
2016-04,BMW ,BMW X1,106
2016-04,Mercedes-Benz ,Mercedes-Benz C-klasse,104
2016-04,BMW ,BMW 3-serie,104
2016-04,Tesla ,Tesla Model S,96
2016-05,Volkswagen ,Volkswagen Golf,1054
2016-05,Mitsubishi ,Mitsubishi Outlander,553
2016-05,Volkswagen ,Volkswagen Passat,530
2016-05,Toyota ,Toyota Yaris,483
2016-05,Toyota ,Toyota Auris,448
2016-05,Toyota ,Toyota Rav4,414
2016-05,Skoda ,Skoda Octavia,344
2016-05,Nissan ,Nissan Leaf,320
2016-05,Audi ,Audi A3,266
2016-05,Skoda ,Skoda Superb,217
2016-05,Mercedes-Benz ,Mercedes-Benz B-klasse,204
2016-05,Mazda ,Mazda CX-3,200
2016-05,Mazda ,Mazda CX-5,199
2016-05,Toyota ,Toyota Prius,197
2016-05,Opel ,Opel Astra,188
2016-05,BMW ,BMW 2-serie,186
2016-05,Mercedes-Benz ,Mercedes-Benz C-klasse,161
2016-05,Volkswagen ,Volkswagen Polo,159
2016-05,Tesla ,Tesla Model S,156
2016-05,Peugeot ,Peugeot 308,152
2016-05,Volvo ,Volvo V70,144
2016-05,Ford ,Ford Mondeo,137
2016-05,Volkswagen ,Volkswagen up!,135
2016-05,Nissan ,Nissan Qashqai,132
2016-05,Ford ,Ford S-Max,132
2016-05,Volvo ,Volvo XC90,126
2016-05,Toyota ,Toyota Avensis,123
2016-05,BMW ,BMW i3,120
2016-05,Suzuki ,Suzuki Vitara,93
2016-05,Renault ,Renault Zoe,64
2016-06,Volkswagen ,Volkswagen Golf,1056
2016-06,Mitsubishi ,Mitsubishi Outlander,590
2016-06,Volkswagen ,Volkswagen Passat,463
2016-06,Toyota ,Toyota Auris,435
2016-06,Renault ,Renault Zoe,398
2016-06,Toyota ,Toyota Yaris,391
2016-06,Skoda ,Skoda Octavia,328
2016-06,Toyota ,Toyota Rav4,324
2016-06,Nissan ,Nissan Leaf,318
2016-06,Tesla ,Tesla Model S,284
2016-06,Mazda ,Mazda CX-5,252
2016-06,Toyota ,Toyota Prius,246
2016-06,Audi ,Audi A3,241
2016-06,Opel ,Opel Astra,225
2016-06,BMW ,BMW 2-serie,216
2016-06,Mercedes-Benz ,Mercedes-Benz B-klasse,215
2016-06,Mazda ,Mazda CX-3,213
2016-06,Ford ,Ford Mondeo,193
2016-06,Toyota ,Toyota Avensis,186
2016-06,Skoda ,Skoda Superb,168
2016-06,Volkswagen ,Volkswagen up!,155
2016-06,Nissan ,Nissan Qashqai,154
2016-06,Peugeot ,Peugeot 308,153
2016-06,Mercedes-Benz ,Mercedes-Benz C-klasse,144
2016-06,Volvo ,Volvo XC90,143
2016-06,Volkswagen ,Volkswagen Polo,143
2016-06,Volvo ,Volvo V70,139
2016-06,Ford ,Ford S-Max,126
2016-06,Suzuki ,Suzuki Vitara,95
2016-06,BMW ,BMW i3,51
2016-07,Volkswagen ,Volkswagen Golf,972
2016-07,Mitsubishi ,Mitsubishi Outlander,552
2016-07,Volkswagen ,Volkswagen Passat,444
2016-07,Volkswagen ,Volkswagen Tiguan,305
2016-07,Skoda ,Skoda Octavia,301
2016-07,Toyota ,Toyota Rav4,277
2016-07,Toyota ,Toyota Yaris,266
2016-07,Audi ,Audi A3,262
2016-07,Toyota ,Toyota Auris,251
2016-07,Nissan ,Nissan Leaf,237
2016-07,Opel ,Opel Astra,192
2016-07,Mazda ,Mazda CX-5,187
2016-07,Toyota ,Toyota Prius,186
2016-07,Nissan ,Nissan Qashqai,183
2016-07,Mazda ,Mazda CX-3,167
2016-07,Volvo ,Volvo XC60,160
2016-07,Audi ,Audi A4,157
2016-07,Hyundai ,Hyundai Tucson,152
2016-07,Skoda ,Skoda Superb,148
2016-07,Volkswagen ,Volkswagen Polo,145
2016-07,Toyota ,Toyota Avensis,139
2016-07,Volvo ,Volvo V40,134
2016-07,BMW ,BMW 2-serie,131
2016-07,Suzuki ,Suzuki Vitara,128
2016-07,Mercedes-Benz ,Mercedes-Benz C-klasse,128
2016-07,Mercedes-Benz ,Mercedes-Benz B-klasse,123
2016-07,Volvo ,Volvo XC90,122
2016-07,Peugeot ,Peugeot 2008,114
2016-07,Ford ,Ford Mondeo,111
2016-07,Kia ,Kia Soul,106
2016-07,BMW ,BMW i3,98
2016-07,Renault ,Renault Zoe,79
2016-07,Volvo ,Volvo V70,77
2016-07,Tesla ,Tesla Model S,43
2016-08,Volkswagen ,Volkswagen Golf,1214
2016-08,Toyota ,Toyota Rav4,735
2016-08,Toyota ,Toyota Yaris,410
2016-08,Mitsubishi ,Mitsubishi Outlander,405
2016-08,Toyota ,Toyota Auris,361
2016-08,Volkswagen ,Volkswagen Passat,358
2016-08,Volkswagen ,Volkswagen Tiguan,331
2016-08,Nissan ,Nissan Leaf,318
2016-08,Mercedes-Benz ,Mercedes-Benz B-klasse,300
2016-08,BMW ,BMW i3,293
2016-08,Skoda ,Skoda Octavia,270
2016-08,Mazda ,Mazda CX-5,234
2016-08,Toyota ,Toyota Prius,183
2016-08,Tesla ,Tesla Model S,170
2016-08,Audi ,Audi A3,164
2016-08,Mazda ,Mazda CX-3,161
2016-08,Nissan ,Nissan Qashqai,131
2016-08,Ford ,Ford Mondeo,124
2016-08,Skoda ,Skoda Superb,122
2016-08,Renault ,Renault Zoe,15
2016-09,Volkswagen ,Volkswagen Golf,996
2016-09,Toyota ,Toyota Rav4,581
2016-09,BMW ,BMW i3,520
2016-09,Toyota ,Toyota Auris,492
2016-09,Mitsubishi ,Mitsubishi Outlander,455
2016-09,Volkswagen ,Volkswagen Tiguan,416
2016-09,Toyota ,Toyota Yaris,405
2016-09,Skoda ,Skoda Octavia,315
2016-09,Volkswagen ,Volkswagen Passat,314
2016-09,Mercedes-Benz ,Mercedes-Benz B-klasse,258
2016-09,Mazda ,Mazda CX-5,249
2016-09,Tesla ,Tesla Model S,247
2016-09,Toyota ,Toyota Prius,233
2016-09,Mercedes-Benz ,Mercedes-Benz C-klasse,208
2016-09,Nissan ,Nissan Leaf,199
2016-09,Audi ,Audi A3,186
2016-09,Mazda ,Mazda CX-3,179
2016-09,Skoda ,Skoda Superb,167
2016-09,Renault ,Renault Zoe,158
2016-09,Nissan ,Nissan Qashqai,146
2016-10,Volkswagen ,Volkswagen Golf,858
2016-10,BMW ,BMW i3,503
2016-10,Volkswagen ,Volkswagen Passat,487
2016-10,Volkswagen ,Volkswagen Tiguan,419
2016-10,Toyota ,Toyota Rav4,385
2016-10,Mitsubishi ,Mitsubishi Outlander,365
2016-10,Toyota ,Toyota Yaris,353
2016-10,Toyota ,Toyota Auris,339
2016-10,Skoda ,Skoda Octavia,322
2016-10,Nissan ,Nissan Leaf,321
2016-10,Mazda ,Mazda CX-5,223
2016-10,Nissan ,Nissan Qashqai,205
2016-10,Audi ,Audi A3,203
2016-10,Mazda ,Mazda CX-3,199
2016-10,Mercedes-Benz ,Mercedes-Benz B-klasse,187
2016-10,Skoda ,Skoda Superb,167
2016-10,Toyota ,Toyota Prius,166
2016-10,Renault ,Renault Zoe,161
2016-10,Mercedes-Benz ,Mercedes-Benz C-klasse,139
2016-10,Tesla ,Tesla Model S,39
2016-11,BMW ,BMW i3,1014
2016-11,Volkswagen ,Volkswagen Golf,905
2016-11,Toyota ,Toyota Rav4,513
2016-11,Mitsubishi ,Mitsubishi Outlander,406
2016-11,Volkswagen ,Volkswagen Tiguan,406
2016-11,Skoda ,Skoda Octavia,348
2016-11,Toyota ,Toyota Auris,320
2016-11,Volkswagen ,Volkswagen Passat,316
2016-11,Toyota ,Toyota Yaris,311
2016-11,Audi ,Audi A3,270
2016-11,BMW ,BMW 2-serie,250
2016-11,Nissan ,Nissan Leaf,238
2016-11,Mercedes-Benz ,Mercedes-Benz B-klasse,232
2016-11,Nissan ,Nissan Qashqai,218
2016-11,Mazda ,Mazda CX-5,170
2016-11,Mazda ,Mazda CX-3,156
2016-11,Skoda ,Skoda Superb,148
2016-11,Toyota ,Toyota Prius,143
2016-11,Renault ,Renault Zoe,100
2016-11,Tesla ,Tesla Model S,48
2016-12,Volkswagen ,Volkswagen Golf,721
2016-12,Volkswagen ,Volkswagen Tiguan,650
2016-12,Volvo ,Volvo XC60,602
2016-12,BMW ,BMW i3,413
2016-12,Audi ,Audi A3,403
2016-12,Toyota ,Toyota Rav4,374
2016-12,Mitsubishi ,Mitsubishi Outlander,355
2016-12,Volkswagen ,Volkswagen Passat,299
2016-12,Toyota ,Toyota Yaris,292
2016-12,Skoda ,Skoda Octavia,287
2016-12,Tesla ,Tesla Model S,263
2016-12,Nissan ,Nissan Leaf,257
2016-12,Mazda ,Mazda CX-5,240
2016-12,Toyota ,Toyota Auris,206
2016-12,Mercedes-Benz ,Mercedes-Benz B-klasse,200
2016-12,Mazda ,Mazda CX-3,153
2016-12,Nissan ,Nissan Qashqai,152
2016-12,BMW ,BMW 2-serie,110
2016-12,Toyota ,Toyota Prius,104
2016-12,Skoda ,Skoda Superb,97
2017-01,Volkswagen ,Volkswagen Golf,738
2017-01,BMW ,BMW i3,622
2017-01,Volkswagen ,Volkswagen Passat,515
2017-01,Toyota ,Toyota Rav4,473
2017-01,Volvo ,Volvo XC90,411
2017-01,Skoda ,Skoda Octavia,358
2017-01,Nissan ,Nissan Leaf,352
2017-01,Toyota ,Toyota Yaris,343
2017-01,Mercedes-Benz ,Mercedes-Benz GLC,285
2017-01,Toyota ,Toyota Auris,280
2017-01,Volvo ,Volvo V60,248
2017-01,Toyota ,Toyota C-HR,246
2017-01,Renault ,Renault Zoe,240
2017-01,Tesla ,Tesla Model X,238
2017-01,BMW ,BMW X1,226
2017-01,Volvo ,Volvo V40,220
2017-01,Peugeot ,Peugeot 3008,216
2017-01,Kia ,Kia Niro,214
2017-01,Skoda ,Skoda Superb,205
2017-01,BMW ,BMW 2-serie,202
2017-01,Volvo ,Volvo V90,202
